"","Sample","Sequence"
"1","ALL1","CACTCATTACATACCTTCTAATCCTATTAGGCGTAGCATTCTTTACCCTCCTTGAACGCAAAGCTTTGGGGTACTTTCAAATCCGAAAAGGTCCAAATAAGGTCGGAATTATGGGGATCCCACAACCATTAGCAGACGCCCTAAAACTTTTTGTGAAAGAGTGAGTAATACCAACATCCTCAAATTACTTACCATTTATTTTAACCCCAACAATCATATTAATTTTAGCACTTAGATTATGGCAGCTATTTCCATCCTTCATATTGTCATTTCAAATAATCCTTGGAATACTACTATTTTTGTGTATTTCCTCTTTAACCGTCTACACAACCTTAATAGCAGGTTGAGCCTCAAACTCAAAATATGCTCTCCTAGGAGCTATTCGAGCTATAGCCCAAACCATTTCATACGAAGTAACGATAACACTAATTATTATCTTCTATCTGTTCTTAGCTATACAAATAGATGTGGTAACAATCCGCTCAATTAATACCTCTATGCCTACCTTTACCCTATCCATACCATTAGCTATTATATGGACTGTCGTCATCCTAGCGGAAACAAACCGAACCCCGTTTGACTTCGCTGAAGGAGAATCAGAACTAGTCTCTGGATTTAACATTGAGTACGGCGGAGCCGGATTTGCCTTCCTATTCATGGCCGAGTACAGAAACATCTTAATAATAAGACTTCTTACTGCCTGCATGCTGACAGGCACCTTACTAATATCAACCCCAATAGCAATCATCTTCCTTTGGGCACGAGCCACTCTCCCACGATATCGATACGACCTACTCATAGCAATAGCCTGAAAATCTTTTCTCCCAGTAAGATTAATTATTCTATTAGCATCTACCCCACTTATATTCATTATAGGATAATCAAACACAATGCTGGGA"
"2","ALL10","CACTCATTACATACCTTCTAATCCTATTAGGCGTAGCATTCTTTACCCTCCTTGAACGCAAAGCTTTGGGGTACTTTCAAATCCGAAAAGGTCCAAATAAGGTCGGAATTATGGGGATCCCACAACCATTAGCAGACGCCCTAAAACTTTTTGTGAAAGAGTGAGTAATACCAACATCCTCAAATTACTTACCATTTATTTTAACCCCAACAATCATATTAATTTTAGCACTTAGATTATGGCAGCTATTTCCATCCTTCATATTGTCATTTCAAATAATCCTTGGAATACTACTATTTTTGTGTATTTCCTCTTTAACCGTCTACACAACCTTAATAGCAGGTTGAGCCTCAAACTCAAAATATGCTCTCCTAGGAGCTATTCGAGCTATAGCCCAAACCATTTCATACGAAGTAACGATAACACTAATTATTATCTTCTATCTGTTCTTAGCTATACAAATAGATGTGGTAACAATCCGCTCAATTAATACCTCTATGCCTACCTTTACCCTATCCATACCATTAGCTATTATATGGACTGTCGTCATCCTAGCGGAAACAAACCGAACCCCGTTTGACTTCGCTGAAGGAGAATCAGAACTAGTCTCTGGATTTAACATTGAGTACGGCGGAGCCGGATTTGCCTTCCTATTCATGGCCGAGTACAGAAACATCTTAATAATAAGACTTCTTACTGCCTGCATGCTGACAGGCACCTTACTAATATCAACCCCAATAGCAATCATCTTCCTTTGGGCACGAGCCACTCTCCCACGATATCGATACGACCTACTCATAGCAATAGCCTGAAAATCTTTTCTCCCAGTAAGATTAATTATTCTATTAGCATCTACCCCACTTATATTCATTATAGGATAATCAAACACAATGCTGGGA"
"3","ALL11","CACTCATTACATACCTTCTAATCCTATTAGGCGTAGCATTCTTTACCCTCCTTGAACGCAAAGCTTTGGGGTACTTTCAAATCCGAAAAGGTCCAAATAAGGTCGGAATTATGGGGATCCCACAACCATTAGCAGACGCCCTAAAACTTTTTGTGAAAGAGTGAGTAATACCAACATCCTCAAATTACTTACCATTTATTTTAACCCCAACAATCATATTAATTTTAGCACTTAGATTATGGCAGCTATTTCCATCCTTCATATTGTCATTTCAAATAATCCTTGGAATACTACTATTTTTGTGTATTTCCTCTTTAACCGTCTACACAACCTTAATAGCAGGTTGAGCCTCAAACTCAAAATATGCTCTCCTAGGAGCTATTCGAGCTATAGCCCAAACCATTTCATACGAAGTAACGATAACACTAATTATTATCTTCTATCTGTTCTTAGCTATACAAATAGATGTGGTAACAATCCGCTCAATTAATACCTCTATGCCTACCTTTACCCTATCCATACCATTAGCTATTATATGGACTGTCGTCATCCTAGCGGAAACAAACCGAACCCCGTTTGACTTCGCTGAAGGAGAATCAGAACTAGTCTCTGGATTTAACATTGAGTACGGCGGAGCCGGATTTGCCTTCCTATTCATGGCCGAGTACAGAAACATCTTAATAATAAGACTTCTTACTGCCTGCATGCTGACAGGCACCTTACTAATATCAACCCCAATAGCAATCATCTTCCTTTGGGCACGAGCCACTCTCCCACGATATCGATACGACCTACTCATAGCAATAGCCTGAAAATCTTTTCTCCCAGTAAGATTAATTATTCTATTAGCATCTACCCCACTTATATTCATTATAGGATAATCAAACACAATGCTGGGA"
"4","ALL12","CACTCATTACATACCTTCTAATCCTATTAGGCGTAGCATTCTTTACCCTCCTTGAACGCAAAGCTTTGGGGTACTTTCAAATCCGAAAAGGTCCAAATAAGGTCGGAATTATGGGGATCCCACAACCATTAGCAGACGCCCTAAAACTTTTTGTGAAAGAGTGAGTAATACCAACATCCTCAAATTACTTACCATTTATTTTAACCCCAACAATCATATTAATTTTAGCACTTAGATTATGGCAGCTATTTCCATCCTTCATATTGTCATTTCAAATAATCCTTGGAATACTACTATTTTTGTGTATTTCCTCTTTAACCGTCTACACAACCTTAATAGCAGGTTGAGCCTCAAACTCAAAATATGCTCTCCTAGGAGCTATTCGAGCTATAGCCCAAACCATTTCATACGAAGTAACGATAACACTAATTATTATCTTCTATCTGTTCTTAGCTATACAAATAGATGTGGTAACAATCCGCTCAATTAATACCTCTATGCCTACCTTTACCCTATCCATACCATTAGCTATTATATGGACTGTCGTCATCCTAGCGGAAACAAACCGAACCCCGTTTGACTTCGCTGAAGGAGAATCAGAACTAGTCTCTGGATTTAACATTGAGTACGGCGGAGCCGGATTTGCCTTCCTATTCATGGCCGAGTACAGAAACATCTTAATAATAAGACTTCTTACTGCCTGCATGCTGACAGGCACCTTACTAATATCAACCCCAATAGCAATCATCTTCCTTTGGGCACGAGCCACTCTCCCACGATATCGATACGACCTACTCATAGCAATAGCCTGAAAATCTTTTCTCCCAGTAAGATTAATTATTCTATTAGCATCTACCCCACTTATATTCATTATAGGATAATCAAACACAATGCTGGGA"
"5","ALL13","CACTCATTACATACCTTCTAATCCTATTAGGCGTAGCATTCTTTACCCTCCTTGAACGCAAAGCTTTGGGGTACTTTCAAATCCGAAAAGGTCCAAATAAGGTCGGAATTATGGGGATCCCACAACCATTAGCAGACGCCCTAAAACTTTTTGTGAAAGAGTGAGTAATACCAACATCCTCAAATTACTTACCATTTATTTTAACCCCAACAATCATATTAATTTTAGCACTTAGATTATGGCAGCTATTTCCATCCTTCATATTGTCATTTCAAATAATCCTTGGAATACTACTATTTTTGTGTATTTCCTCTTTAACCGTCTACACAACCTTAATAGCAGGTTGAGCCTCAAACTCAAAATATGCTCTCCTAGGAGCTATTCGAGCTATAGCCCAAACCATTTCATACGAAGTAACGATAACACTAATTATTATCTTCTATCTGTTCTTAGCTATACAAATAGATGTGGTAACAATCCGCTCAATTAATACCTCTATGCCTACCTTTACCCTATCCATACCATTAGCTATTATATGGACTGTCGTCATCCTAGCGGAAACAAACCGAACCCCGTTTGACTTCGCTGAAGGAGAATCAGAACTAGTCTCTGGATTTAACATTGAGTACGGCGGAGCCGGATTTGCCTTCCTATTCATGGCCGAGTACAGAAACATCTTAATAATAAGACTTCTTACTGCCTGCATGCTGACAGGCACCTTACTAATATCAACCCCAATAGCAATCATCTTCCTTTGGGCACGAGCCACTCTCCCACGATATCGATACGACCTACTCATAGCAATAGCCTGAAAATCTTTTCTCCCAGTAAGATTAATTATTCTATTAGCATCTACCCCACTTATATTCATTATAGGATAATCAAACACAATGCTGGGA"
"6","ALL14","CACTCATTACATACCTTCTAATCCTATTAGGCGTAGCATTCTTTACCCTCCTTGAACGCAAAGCTTTGGGGTACTTTCAAATCCGAAAAGGTCCAAATAAGGTCGGAATTATGGGGATCCCACAACCATTAGCAGACGCCCTAAAACTTTTTGTGAAAGAGTGAGTAATACCAACATCCTCAAATTACTTACCATTTATTTTAACCCCAACAATCATATTAATTTTAGCACTTAGATTATGGCAGCTATTTCCATCCTTCATATTGTCATTTCAAATAATCCTTGGAATACTACTATTTTTGTGTATTTCCTCTTTAACCGTCTACACAACCTTAATAGCAGGTTGAGCCTCAAACTCAAAATATGCTCTCCTAGGAGCTATTCGAGCTATAGCCCAAACCATTTCATACGAAGTAACGATAACACTAATTATTATCTTCTATCTGTTCTTAGCTATACAAATAGATGTGGTAACAATCCGCTCGATTAATACCTCTATGCCTACCTTTACCCTATCCATACCATTAGCTATTATATGGACTGTCGTCATCCTAGCGGAAACAAACCGAGCCCCGTTTGACTTCGCTGAAGGAGAATCAGAACTAGTCTCTGGGTTTAACATTGAGTACGGCGGAGCCGGATTTGCCTTCCTATTCATGGCCGAGTACAGAAACATCTTAATAATAAGACTTCTTACTGCCTGCATGCTGACAGGCACCTTACTAATATCAACCCCGATAGCAATCATCTTCCTTTGGGCACGAGCCACTCTCCCACGATATCGATACGACCTACTCATAGCAATAGCCTGAAAATCTTTTCTCCCAGTAAGATTAATTATTCTATTAGCATCTACCCCACTTATATTCATTATAGGATAATCAAACACAATGCTGGGA"
"7","ALL15","CACTCATTACATACCTTCTAATCCTATTAGGCGTAGCATTCTTTACCCTCCTTGAACGCAAAGCTTTGGGGTACTTTCAAATCCGAAAAGGTCCAAATAAGGTCGGAATTATGGGGATCCCACAACCATTAGCAGACGCCCTAAAACTTTTTGTGAAAGAGTGAGTAATACCAACATCCTCAAATTACTTACCATTTATTTTAACCCCAACAATCATATTAATTTTAGCACTTAGATTATGGCAGCTATTTCCATCCTTCATATTGTCATTTCAAATAATCCTTGGAATACTACTATTTTTGTGTATTTCCTCTTTAACCGTCTACACAACCTTAATAGCAGGTTGAGCCTCAAACTCAAAATATGCTCTCCTAGGAGCTATTCGAGCTATAGCCCAAACCATTTCATACGAAGTAACGATAACACTAATTATTATCTTCTATCTGTTCTTAGCTATACAAATAGATGTGGTAACAATCCGCTCGATTAATACCTCTATGCCTACCTTTACCCTATCCATACCATTAGCTATTATATGGACTGTCGTCATCCTAGCGGAAACAAACCGAGCCCCGTTTGACTTCGCTGAAGGAGAATCAGAACTAGTCTCTGGGTTTAACATTGAGTACGGCGGAGCCGGATTTGCCTTCCTATTCATGGCCGAGTACAGAAACATCTTAATAATAAGACTTCTTACTGCCTGCATGCTGACAGGCACCTTACTAATATCAACCCCGATAGCAATCATCTTCCTTTGGGCACGAGCCACTCTCCCACGATATCGATACGACCTACTCATAGCAATAGCCTGAAAATCTTTTCTCCCAGTAAGATTAATTATTCTATTAGCATCTACCCCACTTATATTCATTATAGGATAATCAAACACAATGCTGGGA"
"8","ALL16","CACTCATTACATACCTTCTAATCCTATTAGGCGTAGCATTCTTTACCCTCCTTGAACGCAAAGCTTTGGGGTACTTTCAAATCCGAAAAGGTCCAAATAAGGTCGGAATTATGGGGATCCCACAACCATTAGCAGACGCCCTAAAACTTTTTGTGAAAGAGTGAGTAATACCAACATCCTCAAATTACTTACCATTTATTTTAACCCCAACAATCATATTAATTTTAGCACTTAGATTATGGCAGCTATTTCCATCCTTCATATTGTCATTTCAAATAATCCTTGGAATACTACTATTTTTGTGTATTTCCTCTTTAACCGTCTACACAACCTTAATAGCAGGTTGAGCCTCAAACTCAAAATATGCTCTCCTAGGAGCTATTCGAGCTATAGCCCAAACCATTTCATACGAAGTAACGATAACACTAATTATTATCTTCTATCTGTTCTTAGCTATACAAATAGATGTGGTAACAATCCGCTCAATTAATACCTCTATGCCTACCTTTACCCTATCCATACCATTAGCTATTATATGGACTGTCGTCATCCTAGCGGAAACAAACCGAACCCCGTTTGACTTCGCTGAAGGAGAATCAGAACTAGTCTCTGGATTTAACATTGAGTACGGCGGAGCCGGATTTGCCTTCCTATTCATGGCCGAGTACAGAAACATCTTAATAATAAGACTTCTTACTGCCTGCATGCTGACAGGCACCTTACTAATATCAACCCCAATAGCAATCATCTTCCTTTGGGCACGAGCCACTCTCCCACGATATCGATACGACCTACTCATAGCAATAGCCTGAAAATCTTTTCTCCCAGTAAGATTAATTATTCTATTAGCATCTACCCCACTTATATTCATTATAGGATAATCAAACACAATGCTGGGA"
"9","ALL17","CACTCATTACATACCTTCTAATCCTATTAGGCGTAGCATTCTTTACCCTCCTTGAACGCAAAGCTTTGGGGTACTTTCAAATCCGAAAAGGTCCAAATAAGGTCGGAATTATGGGGATCCCACAACCATTAGCAGACGCCCTAAAACTTTTTGTGAAAGAGTGAGTAATACCAACATCCTCAAATTACTTACCATTTATTTTAACCCCAACAATCATATTAATTTTAGCACTTAGATTGTGGCAGCTATTTCCATCCTTCATATTGTCATTTCAAATAATCCTTGGAATACTACTATTTTTGTGTATTTCCTCTTTAACCGTCTACACAACCTTAATAGCAGGTTGAGCCTCAAACTCAAAATATGCTCTCCTAGGAGCTATTCGAGCTATAGCCCAAACCATTTCATACGAAGTAACGATAACACTAATTATTATCTTCTATCTGTTCTTAGCTATACAAATAGATGTGGTAACAATCCGCTCAATTAATACCTCTATGCCTACCTTTACCCTATCCATACCATTAGCTATTATATGGACTGTCGTCATCCTAGCGGAAACAAACCGAGCCCCGTTTGACTTCGCTGAAGGAGAATCAGAACTAGTCTCTGGGTTTAACATTGAGTACGGCGGAGCCGGATTTGCCTTCCTATTCATGGCCGAGTACAGAAACATCTTAATAATAAGACTTCTTACTGCCTGCATGCTGACAGGCACCTTACTAATATCAACCCCAATAGCAATCATCTTCCTTTGGGCACGAGCCACTCTCCCACGATATCGATACGACCTACTCATAGCAATAGCCTGAAAATCTTTTCTCCCAGTAAGATTAATTATTCTATTAGCATCTACCCCACTTATATTCATTATAGGATAATCAAACAAAATGCTGGGA"
"10","ALL18","CACTCATTACATACCTTCTAATCCTATTAGGCGTAGCATTCTTTACCCTCCTTGAACGCAAAGCTTTGGGGTACTTTCAAATCCGAAAAGGTCCAAATAAGGTCGGAATTATGGGGATCCCACAACCATTAGCAGACGCCCTAAAACTTTTTGTGAAAGAGTGAGTAATACCAACATCCTCAAATTACTTACCATTTATTTTAACCCCAACAATCATATTAATTTTAGCACTTAGATTATGGCAGCTATTTCCATCCTTCATATTGTCATTTCAAATAATCCTTGGAATACTACTATTTTTGTGTATTTCCTCTTTAACCGTCTACACAACCTTAATAGCAGGTTGAGCCTCAAACTCAAAATATGCTCTCCTAGGAGCTATTCGAGCTATAGCCCAAACCATTTCATACGAAGTAACGATAACACTAATTATTATCTTCTATCTGTTCTTAGCTATACAAATAGATGTGGTAACAATCCGCTCAATTAATACCTCTATGCCTACCTTTACCCTATCCATACCATTAGCTATTATATGGACTGTCGTCATCCTAGCGGAAACAAACCGAGCCCCGTTTGACTTCGCTGAAGGAGAATCAGAACTAGTCTCTGGGTTTAACATTGAGTACGGCGGAGCCGGATTTGCCTTCCTATTCATGGCCGAGTACAGAAACATCTTAATAATAAGACTTCTTACTGCCTGCATGCTGACAGGCACCTTACTAATATCAACCCCAATAGCAATCATCTTCCTTTGGGCACGAGCCACTCTCCCACGATATCGATACGACCTACTCATAGCAATAGCCTGAAAATCTTTTCTCCCAGTAAGATTAATTATTCTATTAGCATCTACCCCACTTATATTCATTATAGGATAATCAAACAAAATGCTGGGA"
"11","ALL19","CACTCATTACATACCTTCTAATCCTATTAGGCGTAGCATTCTTTACCCTCCTTGAACGCAAAGCTTTGGGGTACTTTCAAATCCGAAAAGGTCCAAATAAGGTCGGAATTATGGGGATCCCACAACCATTAGCAGACGCCCTAAAACTTTTTGTGAAAGAGTGAGTAATACCAACATCCTCAAATTACTTACCATTTATTTTAACCCCAACAATCATATTAATTTTAGCACTTAGATTGTGGCAGCTATTTCCATCCTTCATATTGTCATTTCAAATAATCCTTGGAATACTACTATTTTTGTGTATTTCCTCTTTAACCGTCTACACAACCTTAATAGCAGGTTGAGCCTCAAACTCAAAATATGCTCTCCTAGGAGCTATTCGAGCTATAGCCCAAACCATTTCATACGAAGTAACGATAACACTAATTATTATCTTCTATCTGTTCTTAGCTATACAAATAGATGTGGTAACAATCCGCTCAATTAATACCTCTATACCTACCTTTACCCTATCCATACCATTAGCTATTATATGGACTGTCGTCATCCTAGCGGAAACAAACCGAGCCCCGTTTGACTTCGCTGAAGGAGAATCAGAACTAGTCTCTGGGTTTAACATTGAGTACGGCGGAGCCGGATTTGCCTTCCTATTCATGGCCGAGTACAGAAACATCTTAATAATAAGACTTCTTACTGCCTGCATGCTGACAGGCACCTTACTAATATCAACCCCAATAGCAATCATCTTCCTTTGGGCACGAGCCACTCTCCCACGATATCGATACGACCTACTCATAGCAATAGCCTGAAAATCTTTTCTCCCAGTAAGATTAATTATTCTATTAGCATCTACCCCACTTATATTCATTATAGGATAATCAAACACAATGCTGGGA"
"12","ALL2","CACTCATTACATACCTTCTAATCCTATTAGGCGTAGCATTCTTTACCCTCCTTGAACGCAAAGCTTTGGGGTACTTTCAAATCCGAAAAGGTCCAAATAAGGTCGGAATTATGGGGATCCCACAACCATTAGCAGACGCCCTAAAACTTTTTGTGAAAGAGTGAGTAATACCAACATCCTCAAATTACTTACCATTTATTTTAACCCCAACAATCATATTAATTTTAGCACTTAGATTATGGCAGCTATTTCCATCCTTCATATTGTCATTTCAAATAATCCTTGGAATACTACTATTTTTGTGTATTTCCTCTTTAACCGTCTACACAACCTTAATAGCAGGTTGAGCCTCAAACTCAAAATATGCTCTCCTAGGAGCTATTCGAGCTATAGCCCAAACCATTTCATACGAAGTAACGATAACACTAATTATTATCTTCTATCTGTTCTTAGCTATACAAATAGATGTGGTAACAATCCGCTCAATTAATACCTCTATGCCTACCTTTACCCTATCCATACCATTAGCTATTATATGGACTGTCGTCATCCTAGCGGAAACAAACCGAACCCCGTTTGACTTCGCTGAAGGAGAATCAGAACTAGTCTCTGGATTTAACATTGAGTACGGCGGAGCCGGATTTGCCTTCCTATTCATGGCCGAGTACAGAAACATCTTAATAATAAGACTTCTTACTGCCTGCATGCTGACAGGCACCTTACTAATATCAACCCCAATAGCAATCATCTTCCTTTGGGCACGAGCCACTCTCCCACGATATCGATACGACCTACTCATAGCAATAGCCTGAAAATCTTTTCTCCCAGTAAGATTAATTATTCTATTAGCATCTACCCCACTTATATTCATTATAGGATAATCAAACACAATGCTGGGA"
"13","ALL20","CACTCATTACATACCTTCTAATCCTATTAGGCGTAGCATTCTTTACCCTCCTTGAACGCAAAGCTTTGGGGTACTTTCAAATCCGAAAAGGTCCAAATAAGGTCGGAATTATGGGGATCCCACAACCATTAGCAGACGCCCTAAAACTTTTTGTGAAAGAGTGAGTAATACCAACATCCTCAAATTACTTACCATTTATTTTAACCCCAACAATCATATTAATTTTAGCACTTAGATTATGGCAGCTATTTCCATCCTTCATATTGTCATTTCAAATAATCCTTGGAATACTACTATTTTTGTGTATTTCCTCTTTAACCGTCTACACAACCTTAATAGCAGGTTGAGCCTCAAACTCAAAATATGCTCTCCTAGGAGCTATTCGAGCTATAGCCCAAACCATTTCATACGAAGTAACGATAACACTAATTATTATCTTCTATCTGTTCTTAGCTATACAAATAGATGTGGTAACAATCCGCTCAATTAATACCTCTATACCTACCTTTACCCTATCCATACCATTAGCTATTATATGGACTGTCGTCATCCTAGCGGAAACAAACCGAGCCCCGTTTGACTTCGCTGAAGGAGAATCAGAACTAGTCTCTGGGTTTAACATTGAGTACGGCGGAGCCGGATTTGCCTTCCTATTCATGGCCGAGTACAGAAACATCTTAATAATAAGACTTCTTACTGCCTGCATGCTGACAGGCACCTTACTAATATCAACCCCAATAGCAATCATCTTCCTTTGGGCACGAGCCACTCTCCCACGATATCGATACGACCTACTCATAGCAATAGCCTGAAAATCTTTTCTCCCAGTAAGATTAATTATTCTATTAGCATCTACCCCACTTATATTCATTATAGGATAATCAAACACAATGCTGGGA"
"14","ALL21","CACTCATTACATACCTTCTAATCCTATTAGGCGTAGCATTCTTTACCCTCCTTGAACGCAAAGCTTTGGGGTACTTTCAAATCCGAAAAGGTCCAAATAAGGTCGGAATTATGGGGATCCCACAACCATTAGCAGACGCCCTAAAACTTTTTGTGAAAGAGTGAGTAATACCAACATCCTCAAATTACTTACCATTTATTTTAACCCCAACAATCATATTAATTTTAGCACTTAGATTGTGGCAGCTATTTCCATCCTTCATATTGTCATTTCAAATAATCCTTGGAATACTACTATTTTTGTGTATTTCCTCTTTAACCGTCTACACAACCTTAATAGCAGGTTGAGCCTCAAACTCAAAATATGCTCTCCTAGGAGCTATTCGAGCTATAGCCCAAACCATTTCATACGAAGTAACGATAACACTAATTATTATCTTCTATCTGTTCTTAGCTATACAAATAGATGTGGTAACAATCCGCTCAATTAATACCTCTATGCCTACCTTTACCCTATCCATACCATTAGCTATTATATGGACTGTCGTCATCCTAGCGGAAACAAACCGAGCCCCGTTTGACTTCGCTGAAGGAGAATCAGAACTAGTCTCTGGGTTTAACATTGAGTACGGCGGAGCCGGATTTGCCTTCCTATTCATGGCCGAGTACAGAAACATCTTAATAATAAGACTTCTTACTGCCTGCATGCTGACAGGCACCTTACTAATATCAACCCCAATAGCAATCATCTTCCTTTGGGCACGAGCCACTCTCCCACGATATCGATACGACCTACTCATAGCAATAGCCTGAAAATCTTTTCTCCCAGTAAGATTAATTATTCTATTAGCATCTACCCCACTTATATTCATTATAGGATAATCAAACACAATGCTGGGA"
"15","ALL22","CACTCATTACATACCTTCTAATCCTATTAGGCGTAGCATTCTTTACCCTCCTTGAACGCAAAGCTTTGGGGTACTTTCAAATCCGAAAAGGTCCAAATAAGGTCGGAATTATGGGGATCCCACAACCATTAGCAGACGCCCTAAAACTTTTTGTGAAAGAGTGAGTAATACCAACATCCTCAAATTACTTACCATTTATTTTAACCCCAACAATCATATTAATTTTAGCACTTAGATTGTGGCAGCTATTTCCATCCTTCATATTGTCATTTCAAATAATCCTTGGAATACTACTATTTTTGTGTATTTCCTCTTTAACCGTCTACACAACCTTAATAGCAGGTTGAGCCTCAAACTCAAAATATGCTCTCCTAGGAGCTATTCGAGCTATAGCCCAAACCATTTCATACGAAGTAACGATAACACTAATTATTATCTTCTATCTGTTCTTAGCTATACAAATAGATGTGGTAACAATCCGCTCAATTAATACCTCTATGCCTACCTTTACCCTATCCATACCATTAGCTATTATATGGACTGTCGTCATCCTAGCGGAAACAAACCGAGCCCCGTTTGACTTCGCTGAAGGAGAATCAGAACTAGTCTCTGGGTTTAACATTGAGTACGGCGGAGCCGGATTTGCCTTCCTATTCATGGCCGAGTACAGAAACATCTTAATAATAAGACTTCTTACTGCCTGCATGCTGACAGGCACCTTACTAATATCAACCCCAATAGCAATCATCTTCCTTTGGGCACGAGCCACTCTCCCACGATATCGATACGACCTACTCATAGCAATAGCCTGAAAATCTTTTCTCCCAGTAAGATTAATTATTCTATTAGCATCTACCCCACTTATATTCATTATAGGATAATCAAACACAATGCTGGGA"
"16","ALL3","CACTCATTACATACCTTCTAATCCTATTAGGCGTAGCATTCTTTACCCTCCTTGAACGCAAAGCTTTGGGGTACTTTCAAATCCGAAAAGGTCCAAATAAGGTCGGAATTATGGGGATCCCACAACCATTAGCAGACGCCCTAAAACTTTTTGTGAAAGAGTGAGTAATACCAACATCCTCAAATTACTTACCATTTATTTTAACCCCAACAATCATATTAATTTTAGCACTTAGATTATGGCAGCTATTTCCATCCTTCATATTGTCATTTCAAATAATCCTTGGAATACTACTATTTTTGTGTATTTCCTCTTTAACCGTCTACACAACCTTAATAGCAGGTTGAGCCTCAAACTCAAAATATGCTCTCCTAGGAGCTATTCGAGCTATAGCCCAAACCATTTCATACGAAGTAACGATAACACTAATTATTATCTTCTATCTGTTCTTAGCTATACAAATAGATGTGGTAACAATCCGCTCAATTAATACCTCTATGCCTACCTTTACCCTATCCATACCATTAGCTATTATATGGACTGTCGTCATCCTAGCGGAAACAAACCGAACCCCGTTTGACTTCGCTGAAGGAGAATCAGAACTAGTCTCTGGATTTAACATTGAGTACGGCGGAGCCGGATTTGCCTTCCTATTCATGGCCGAGTACAGAAACATCTTAATAATAAGACTTCTTACTGCCTGCATGCTGACAGGCACCTTACTAATATCAACCCCAATAGCAATCATCTTCCTTTGGGCACGAGCCACTCTCCCACGATATCGATACGACCTACTCATAGCAATAGCCTGAAAATCTTTTCTCCCAGTAAGATTAATTATTCTATTAGCATCTACCCCACTTATATTCATTATAGGATAATCAAACACAATGCTGGGA"
"17","ALL4","CACTCATTACATACCTTCTAATCCTATTAGGCGTAGCATTCTTTACCCTCCTTGAACGCAAAGCTTTGGGGTACTTTCAAATCCGAAAAGGTCCAAATAAGGTCGGAATTATGGGGATCCCACAACCATTAGCAGACGCCCTAAAACTTTTTGTGAAAGAGTGAGTAATACCAACATCCTCAAATTACTTACCATTTATTTTAACCCCAACAATCATATTAATTTTAGCACTTAGATTATGGCAGCTATTTCCATCCTTCATATTGTCATTTCAAATAATCCTTGGAATACTACTATTTTTGTGTATTTCCTCTTTAACCGTCTACACAACCTTAATAGCAGGTTGAGCCTCAAACTCAAAATATGCTCTCCTAGGAGCTATTCGAGCTATAGCCCAAACCATTTCATACGAAGTAACGATAACACTAATTATTATCTTCTATCTGTTCTTAGCTATACAAATAGATGTGGTAACAATCCGCTCAATTAATACCTCTATGCCTACCTTTACCCTATCCATACCATTAGCTATTATATGGACTGTCGTCATCCTAGCGGAAACAAACCGAACCCCGTTTGACTTCGCTGAAGGAGAATCAGAACTAGTCTCTGGATTTAACATTGAGTACGGCGGAGCCGGATTTGCCTTCCTATTCATGGCCGAGTACAGAAACATCTTAATAATAAGACTTCTTACTGCCTGCATGCTGACAGGCACCTTACTAATATCAACCCCAATAGCAATCATCTTCCTTTGGGCACGAGCCACTCTCCCACGATATCGATACGACCTACTCATAGCAATAGCCTGAAAATCTTTTCTCCCAGTAAGATTAATTATTCTATTAGCATCTACCCCACTTATATTCATTATAGGATAATCAAACACAATGCTGGGA"
"18","ALL5","CACTCATTACATACCTTCTAATCCTATTAGGCGTAGCATTCTTTACCCTCCTTGAACGCAAAGCTTTGGGGTACTTTCAAATCCGAAAAGGTCCAAATAAGGTCGGAATTATGGGGATCCCACAACCATTAGCAGACGCCCTAAAACTTTTTGTGAAAGAGTGAGTAATACCAACATCCTCAAATTACTTACCATTTATTTTAACCCCAACAATCATATTAATTTTAGCACTTAGATTATGGCAGCTATTTCCATCCTTCATATTGTCATTTCAAATAATCCTTGGAATACTACTATTTTTGTGTATTTCCTCTTTAACCGTCTACACAACCTTAATAGCAGGTTGAGCCTCAAACTCAAAATATGCTCTCCTAGGAGCTATTCGAGCTATAGCCCAAACCATTTCATACGAAGTAACGATAACACTAATTATTATCTTCTATCTGTTCTTAGCTATACAAATAGATGTGGTAACAATCCGCTCAATTAATACCTCTATGCCTACCTTTACCCTATCCATACCATTAGCTATTATATGGACTGTCGTCATCCTAGCGGAAACAAACCGAACCCCGTTTGACTTCGCTGAAGGAGAATCAGAACTAGTCTCTGGATTTAACATTGAGTACGGCGGAGCCGGATTTGCCTTCCTATTCATGGCCGAGTACAGAAACATCTTAATAATAAGACTTCTTACTGCCTGCATGCTGACAGGCACCTTACTAATATCAACCCCAATAGCAATCATCTTCCTTTGGGCACGAGCCACTCTCCCACGATATCGATACGACCTACTCATAGCAATAGCCTGAAAATCTTTTCTCCCAGTAAGATTAATTATTCTATTAGCATCTACCCCACTTATATTCATTATAGGATAATCAAACACAATGCTGGGA"
"19","ALL6","CACTCATTACATACCTTCTAATCCTATTAGGCGTAGCATTCTTTACCCTCCTTGAACGCAAAGCTTTGGGGTACTTTCAAATCCGAAAAGGTCCAAATAAGGTCGGAATTATGGGGATCCCACAACCATTAGCAGACGCCCTAAAACTTTTTGTGAAAGAGTGAGTAATACCAACATCCTCAAATTACTTACCATTTATTTTAACCCCAACAATCATATTAATTTTAGCACTTAGATTGTGGCAGCTATTTCCATCCTTCATATTGTCATTTCAAATAATCCTTGGAATACTACTATTTTTGTGTATTTCCTCTTTAACCGTCTACACAACCTTAATAGCAGGTTGAGCCTCAAACTCAAAATATGCTCTCCTAGGAGCTATTCGAGCTATAGCCCAAACCATTTCATACGAAGTAACGATAACACTAATTATTATCTTCTATCTGTTCTTAGCTATACAAATAGATGTGGTAACAATCCGCTCAATTAATACCTCTATGCCTACCTTTACCCTATCCATACCATTAGCTATTATATGGACTGTCGTCATCCTAGCGGAAACAAACCGAGCCCCGTTTGACTTCGCTGAAGGAGAATCAGAACTAGTCTCTGGGTTTAACATTGAGTACGGCGGAGCCGGATTTGCCTTCCTATTCATGGCCGAGTACAGAAACATCTTAATAATAAGACTTCTTACTGCCTGCATGCTGACAGGCACCTTACTAATATCAACCCCAATAGCAATCATCTTCCTTTGGGCACGAGCCACTCTCCCACGATATCGATACGACCTACTCATAGCAATAGCCTGAAAATCTTTTCTCCCAGTAAGATTAATTATTCTATTAGCATCTACCCCACTTATATTCATTATAGGATAATCAAACACAATGCTGGGA"
"20","ALL7","CACTCATTACATACCTTCTAATCCTATTAGGCGTAGCATTCTTTACCCTCCTTGAACGCAAAGCTTTGGGGTACTTTCAAATCCGAAAAGGTCCAAATAAGGTCGGAATTATGGGGATCCCACAACCATTAGCAGACGCCCTAAAACTTTTTGTGAAAGAGTGAGTAATACCAACATCCTCAAATTACTTACCATTTATTTTAACCCCAACAATCATATTAATTTTAGCACTTAGATTATGGCAGCTATTTCCATCCTTCATATTGTCATTTCAAATAATCCTTGGAATACTACTATTTTTGTGTATTTCCTCTTTAACCGTCTACACAACCTTAATAGCAGGTTGAGCCTCAAACTCAAAATATGCTCTCCTAGGAGCTATTCGAGCTATAGCCCAAACCATTTCATACGAAGTAACGATAACACTAATTATTATCTTCTATCTGTTCTTAGCTATACAAATAGATGTGGTAACAATCCGCTCAATTAATACCTCTATACCTACCTTTACCCTATCCATACCATTAGCTATTATATGGACTGTCGTCATCCTAGCGGAAACAAACCGAGCCCCGTTTGACTTCGCTGAAGGAGAATCAGAACTAGTCTCTGGGTTTAACATTGAGTACGGCGGAGCCGGATTTGCCTTCCTATTCATGGCCGAGTACAGAAACATCTTAATAATAAGACTTCTTACTGCCTGCATGCTGACAGGCACCTTACTAATATCAACCCCAATAGCAATCATCTTCCTTTGGGCACGAGCCACTCTCCCACGATATCGATACGACCTACTCATAGCAATAGCCTGAAAATCTTTTCTCCCAGTAAGATTAATTATTCTATTAGCATCTACCCCACTTATATTCATTATAGGATAATCAAACACAATGCTGGGA"
"21","ALL8","CACTCATTACATACCTTCTAATCCTATTAGGCGTAGCATTCTTTACCCTCCTTGAACGCAAAGCTTTGGGGTACTTTCAAATCCGAAAAGGTCCAAATAAGGTCGGAATTATGGGGATCCCACAACCATTAGCAGACGCCCTAAAACTTTTTGTGAAAGAGTGAGTAATACCAACATCCTCAAATTACTTACCATTTATTTTAACCCCAACAATCATATTAATTTTAGCACTTAGATTATGGCAGCTATTTCCATCCTTCATATTGTCATTTCAAATAATCCTTGGAATACTACTATTTTTGTGTATTTCCTCTTTAACCGTCTACACAACCTTAATAGCAGGTTGAGCCTCAAACTCAAAATATGCTCTCCTAGGAGCTATTCGAGCTATAGCCCAAACCATTTCATACGAAGTAACGATAACACTAATTATTATCTTCTATCTGTTCTTAGCTATACAAATAGATGTGGTAACAATCCGCTCAATTAATACCTCTATGCCTACCTTTACCCTATCCATACCATTAGCTATTATATGGACTGTCGTCATCCTAGCGGAAACAAACCGAGCCCCGTTTGACTTCGCTGAAGGAGAATCAGAACTAGTCTCTGGATTTAACATTGAGTACGGCGGAGCCGGATTTGCCTTCCTATTCATGGCCGAGTACAGAAACATCTTAATAATAAGACTTCTTACTGCCTGCATGCTGACAGGCACCTTACTAATATCAACCCCAATAGCAATCATCTTCCTTTGGGCACGAGCCACTCTCCCACGATATCGATACGACCTACTCATAGCAATAGCCTGAAAATCTTTTCTCCCAGTAAGATTAATTATTCTATTAGCATCTACCCCACTTATATTCATTATAGGATAATCAAACACAATGCTGGGA"
"22","ALL9","CACTCATTACATACCTTCTAATCCTATTAGGCGTAGCATTCTTTACCCTCCTTGAACGCAAAGCTTTGGGGTACTTTCAAATCCGAAAAGGCCCAAATAAGGTCGGAATTATGGGGATCCCACAACCATTAGCAGACGCCCTAAAACTTTTTGTGAAAGAGTGAGTAATACCAACATCCTCAAATTACTTACCATTTATTTTAACCCCAACAATCATATTAATTTTAGCACTTAGATTATGGCAGCTATTTCCATCCTTCATATTGTCATTTCAAATAATCCTTGGAATACTACTATTTTTGTGTATTTCCTCTTTAACCGTCTACACAACCTTAATAGCAGGTTGAGCCTCAAACTCAAAATATGCTCTCCTAGGAGCTATTCGAGCTATAGCCCAAACCATTTCATACGAAGTAACGATAACACTAATTATTATCTTCTATCTGTTCTTAGCTATACAAATAGATGTGGTAACAATCCGCTCAATTAATACCTCTATGCCTACCTTTACCCTATCCATACCATTAGCTATTATATGGACTGTCGTCATCCTAGCGGAAACAAACCGAACCCCGTTTGACTTCGCTGAAGGAGAATCAGAACTAGTCTCTGGATTTAACATTGAGTACGGCGGAGCCGGATTTGCCTTCCTATTCATGGCCGAGTACAGAAACATCTTAATAATAAGACTTCTTACTGCCTGCATGCTGACAGGCACCTTACTAATATCAACCCCAATAGCAATCATCTTCCTTTGGGCACGAGCCACTCTCCCACGATATCGATACGACCTACTCATAGCAATAGCCTGAAAATCTTTTCTCCCAGTAAGATTAATTATTCTATTAGCATCTACCCCACTTATATTCATTATAGGATAATCAAACACAATGCTGGGA"
"23","Chip1","CACTCATTACATACCTTCTAATCCTATTAGGCGTAGCATTCTTTACCCTCCTTGAACGCAAAGCTTTGGGGTACTTTCAAATCCGAAAAGGTCCAAATAAGGTCGGAATTATAGGGATCCCACAACCATTAGCAGACGCCCTAAAACTTTTTGTGAAAGAGTGAGTAATACCAACATCCTCAAATTACTTACCATTTATTTTAACCCCAACAATCATATTAATTTTAGCACTTAGATTATGGCAGCTATTTCCATCCTTCATACTGTCATTTCAAATAATCCTTGGAATACTACTATTTTTGTGTATTTCCTCTTTAACCGTCTACACAACCTTAATAGCAGGTTGAGCCTCAAACTCAAAATATGCTCTCCTAGGAGCTATTCGAGCTATAGCCCAAACCATTTCATACGAAGTAACGATAACACTAATTATTATCTTCTATCTGTTCTTAGCTATACAAATAGATGTGGTAACAATCCGCTCAATTAATACCTCTATGCCTACCTTTACCCTATCCATACCATTAGCTATTATATGGACTGTCGTCATCCTAGCGGAAACAAACCGAGCCCCGTTTGACTTCGCTGAAGGAGAATCAGAACTAGTCTCTGGGTTTAACATTGAGTACGGCGGAGCCGGATTTGCCTTCCTATTCATGGCCGAGTACAGAAACATCTTAATAATAAGACTTCTTACTGCCTGCATGCTGACAGGCACCTTACTAATATCAACCCCAATAGCAATCATCTTCCTTTGGGCACGAGCCACTCTCCCACGATATCGATACGACCTACTCATAGCAATAGCCTGAAAATCTTTTCTCCCAGTAAGATTAATTATTCTATTAGCATCTACCCAACTTATATTCATTATAGGATAATCAAACACAATGCTGGGA"
"24","Chip10","CACTCATTACATACCTTCTAATCCTATTAGGCGTAGCATTCTTTACCCTCCTTGAACGCAAAGCTTTGGGGTACTTTCAAATCCGAAAAGGTCCAAATAAGGTCGGAATTATAGGGATCCCACAACCATTAGCAGACGCCCTAAAACTTTTTGTGAAAGAGTGAGTAATACCAACATCCTCAAATTACTTACCATTTATTTTAACCCCAACAATCATATTAATTTTAGCACTTAGATTATGGCAGCTATTTCCATCCTTCATACTGTCATTTCAAATAATCCTTGGAATACTACTATTTTTGTGTATTTCCTCTTTAACCGTCTACACAACCTTAATAGCAGGTTGAGCCTCAAACTCAAAATATGCTCTCCTAGGAGCTATTCGAGCTATAGCCCAAACCATTTCATACGAAGTAACGATAACACTAATTATTATCTTCTATCTGTTCTTAGCTATACAAATAGATGTGGTAACAATCCGCTCAATTAATACCTCTATGCCTACCTTTACCCTATCCATACCATTAGCTATTATATGGACTGTCGTCATCCTAGCGGAAACAAACCGAGCCCCGTTTGACTTCGCTGAAGGAGAATCAGAACTAGTCTCTGGGTTTAACATTGAGTACGGCGGAGCCGGATTTGCCTTCCTATTCATGGCCGAGTACAGAAACATCTTAATAATAAGACTTCTTACTGCCTGCATGCTGACAGGCACCTTACTAATATCAACCCCAATAGCAATCATCTTCCTTTGGGCACGAGCCACTCTCCCACGATATCGATACGACCTACTCATAGCAATAGCCTGAAAATCTTTTCTCCCAGTAAGATTAATTATTCTATTAGCATCTACCCAACTTATATTCATTATAGGATAATCAAACACAATGCTGGGA"
"25","Chip11","CACTCATTACATACCTTCTAATCCTATTAGGCGTAGCATTCTTTACCCTCCTTGAACGCAAAGCTTTGGGGTACTTTCAAATCCGAAAAGGTCCAAATAAGGTCGGAATTATGGGGATCCCACAACCATTAGCAGACGCCCTAAAACTTTTTGTGAAAGAGTGAGTAATACCAACATCCTCAAATTACTTACCATTTATTTTAACCCCAACAATCATATTAATTTTAGCACTTAGATTATGGCAGCTATTTCCATCCTTCATATTGTCATTTCAAATAATCCTTGGAATACTACTATTTTTGTGTATTTCCTCTTTAACCGTCTACACAACCTTAATAGCAGGTTGAGCCTCAAACTCAAAATATGCTCTCCTAGGAGCTATTCGAGCTATAGCCCAAACCATTTCATACGAAGTAACGATAACACTAATTATTATCTTCTATCTGTTCTTAGCTATACAAATAGATGTGGTAACAATCCGCTCAATTAATACCTCTATACCTACCTTTACCCTATCCATACCATTAGCTATTATATGGACTGTCGTCATCCTAGCGGAAACAAACCGAGCCCCGTTTGACTTCGCTGAAGGAGAATCAGAACTAGTCTCTGGGTTTAACATTGAGTACGGCGGAGCCGGATTTGCCTTCCTATTCATGGCCGAGTACAGAAACATCTTAATAATAAGACTTCTTACTGCCTGCATGCTGACAGGCACCTTACTAATATCAACCCCAATAGCAATCATCTTCCTTTGGGCACGAGCCACTCTCCCACGATATCGATACGACCTACTCATAGCAATAGCCTGAAAATCTTTTCTCCCAGTAAGATTAATTATTCTATTAGCATCTACCCCACTTATATTCATTATAGGATAATCAAACACAATGCTGGGA"
"26","Chip12","CACTCATTACATACCTTCTAATCCTATTAGGCGTAGCATTCTTTACCCTCCTTGAACGCAAAGCTTTGGGGTACTTTCAAATCCGAAAAGGTCCAAATAAGGTCGGAATTATAGGGATCCCACAACCATTAGCAGACGCCCTAAAACTTTTTGTGAAAGAGTGAGTAATACCAACATCCTCAAATTACTTACCATTTATTTTAACCCCAACAATCATATTAATTTTAGCACTTAGATTATGGCAGCTATTTCCATCCTTCATACTGTCATTTCAAATAATCCTTGGAATACTACTATTTTTGTGTATTTCCTCTTTAACCGTCTACACAACCTTAATAGCAGGTTGAGCCTCAAACTCAAAATATGCTCTCCTAGGAGCTATTCGAGCTATAGCCCAAACCATTTCATACGAAGTAACGATAACACTAATTATTATCTTCTATCTGTTCTTAGCTATACAAATAGATGTGGTAACAATCCGCTCAATTAATACCTCTATGCCTACCTTTACCCTATCCATACCATTAGCTATTATATGGACTGTCGTCATCCTAGCGGAAACAAACCGAGCCCCGTTTGACTTCGCTGAAGGAGAATCAGAACTAGTCTCTGGGTTTAACATTGAGTACGGCGGAGCCGGATTTGCCTTCCTATTCATGGCCGAGTACAGAAACATCTTAATAATAAGACTTCTTACTGCCTGCATGCTGACAGGCACCTTACTAATATCAACCCCAATAGCAATCATCTTCCTTTGGGCACGAGCCACTCTCCCACGATATCGATACGACCTACTCATAGCAATAGCCTGAAAATCTTTTCTCCCAGTAAGATTAATTATTCTATTAGCATCTACCCAACTTATATTCATTATAGGATAATCAAACACAATGCTGGGA"
"27","Chip13","CACTCATTACATACCTTCTAATCCTATTAGGCGTAGCATTCTTTACCCTCCTTGAACGCAAAGCTTTGGGGTACTTTCAAATCCGAAAAGGTCCAAATAAGGTCGGAATTATGGGGATCCCACAACCATTAGCAGACGCCCTAAAACTTTTTGTGAAAGAGTGAGTAATACCAACATCCTCAAATTACTTACCATTTATTTTAACCCCAACAATCATATTAATTTTAGCACTTAGATTATGGCAGCTATTTCCATCCTTCATATTGTCATTTCAAATAATCCTTGGAATACTACTATTTTTGTGTATTTCCTCTTTAACCGTCTACACAACCTTAATAGCAGGTTGAGCCTCAAACTCAAAATATGCTCTCCTAGGAGCTATTCGAGCTATAGCCCAAACCATTTCATACGAAGTAACGATAACACTAATTATTATCTTCTATCTGTTCTTAGCTATACAAATAGATGTGGTAACAATCCGCTCAATTAATACCTCTATACCTACCTTTACCCTATCCATACCATTAGCTATTATATGGACTGTCGTCATCCTAGCGGAAACAAACCGAGCCCCGTTTGACTTCGCTGAAGGAGAATCAGAACTAGTCTCTGGGTTTAACATTGAGTACGGCGGAGCCGGATTTGCCTTCCTATTCATGGCCGAGTACAGAAACATCTTAATAATAAGACTTCTTACTGCCTGCATGCTGACAGGCACCTTACTAATATCAACCCCAATAGCAATCATCTTCCTTTGGGCACGAGCCACTCTCCCACGATATCGATACGACCTACTCATAGCAATAGCCTGAAAATCTTTTCTCCCAGTAAGATTAATTATTCTATTAGCATCTACCCCACTTATATTCATTATAGGATAATCAAACACAATGCTGGGA"
"28","Chip14","CACTCATTACATACCTTCTAATCCTATTAGGCGTAGCATTCTTTACCCTCCTTGAACGCAAAGCTTTGGGGTACTTTCAAATCCGAAAAGGTCCAAATAAAGTCGGAATTATAGGGATCCCACAACCATTAGCAGACGCCCTAAAACTTTTTGTGAAAGAGTGAGTAATACCAACATCCTCAAATTACTTACCATTTATTTTAACCCCAACAATCATATTAATTTTAGCACTTAGATTATGGCAGCTATTTCCATCCTTCATACTGTCATTTCAAATAATCCTTGGAATACTACTATTTTTGTGTATTTCCTCTTTAACCGTCTACACAACCTTAATAGCAGGTTGAGCCTCAAACTCAAAATATGCTCTCCTAGGAGCTATTCGAGCTATAGCCCAAACCATTTCATACGAAGTAACGATAACACTAATTATTATCTTCTATCTGTTCTTAGCTATACAAATAGATGTGGTAACAATCCGCTCAATTAATACCTCTATGCCTACCTTTACCCTATCCATACCATTAGCTATTATATGGACTGTCGTCATCCTAGCGGAAACAAACCGAGCCCCGTTTGACTTCGCTGAAGGAGAATCAGAACTAGTCTCTGGGTTTAACATTGAGTACGGCGGAGCCGGATTTGCCTTCCTATTCATGGCCGAGTACAGAAACATCTTAATAATAAGACTTCTTACTGCCTGCATGCTGACAGGCACCTTACTAATATCAACCCCAATAGCAATCATCTTCCTTTGGGCACGAGCCACTCTCCCACGATATCGATACGACCTACTCATAGCAATAGCCTGAAAATCTTTTCTCCCAGTAAGATTAATTATTCTATTAGCATCTACCCAACTTATATTCATTATAGGATAATCAAACACAATGCTGGGA"
"29","Chip15","CACTCATTACATACCTTCTAATCCTATTAGGCGTAGCATTCTTTACCCTCCTTGAACGCAAAGCTTTGGGGTACTTTCAAATCCGAAAAGGTCCAAATAAGGTCGGAATTATAGGGATCCCACAACCATTAGCAGACGCCCTAAAACTTTTTGTGAAAGAGTGAGTAATACCAACATCCTCAAATTACTTACCATTTATTTTAACCCCAACAATCATATTAATTTTAGCACTTAGATTATGGCAGCTATTTCCATCCTTCATACTGTCATTTCAAATAATCCTTGGAATACTACTATTTTTGTGTATTTCCTCTTTAACCGTCTACACAACCTTAATAGCAGGTTGAGCCTCAAACTCAAAATATGCTCTCCTAGGAGCTATTCGAGCTATAGCCCAAACCATTTCATACGAAGTAACGATAACACTAATTATTATCTTCTATCTGTTCTTAGCTATACAAATAGATGTGGTAACAATCCGCTCAATTAATACCTCTATGCCTACCTTTACCCTATCCATACCATTAGCTATTATATGGACTGTCGTCATCCTAGCGGAAACAAACCGAGCCCCGTTTGACTTCGCTGAAGGAGAATCAGAACTAGTCTCTGGGTTTAACATTGAGTACGGCGGAGCCGGATTTGCCTTCCTATTCATGGCCGAGTACAGAAACATCTTAATAATAAGACTTCTTACTGCCTGCATGCTGACAGGCACCTTACTAATATCAACCCCAATAGCAATCATCTTCCTTTGGGCACGAGCCACTCTCCCACGATATCGATACGACCTACTCATAGCAATAGCCTGAAAATCTTTTCTCCCAGTAAGATTAATTATTCTATTAGCATCTACCCAACTTATATTCATTATAGGATAATCAAACACAATGCTGGGA"
"30","Chip16","CACTCATTACATACCTTCTAATCCTATTAGGCGTAGCATTCTTTACCCTCCTTGAACGCAAAGCTTTGGGGTACTTTCAAATCCGAAAAGGTCCAAATAAGGTCGGAATTATAGGGATCCCACAACCATTAGCAGACGCCCTAAAACTTTTTGTGAAAGAGTGAGTAATACCAACATCCTCAAATTACTTACCATTTATTTTAACCCCAACAATCATATTAATTTTAGCACTTAGATTATGGCAGCTATTTCCATCCTTCATACTGTCATTTCAAATAATCCTTGGAATACTACTATTTTTGTGTATTTCCTCTTTAACCGTCTACACAACCTTAATAGCAGGTTGAGCCTCAAACTCAAAATATGCTCTCCTAGGAGCTATTCGAGCTATAGCCCAAACCATTTCATACGAAGTAACGATAACACTAATTATTATCTTCTATCTGTTCTTAGCTATACAAATAGATGTGGTAACAATCCGCTCAATTAATACCTCTATGCCTACCTTTACCCTATCCATACCATTAGCTATTATATGGACTGTCGTCATCCTAGCGGAAACAAACCGAGCCCCGTTTGACTTCGCTGAAGGAGAATCAGAACTAGTCTCTGGGTTTAACATTGAGTACGGCGGAGCCGGATTTGCCTTCCTATTCATGGCCGAGTACAGAAACATCTTAATAATAAGACTTCTTACTGCCTGCATGCTGACAGGCACCTTACTAATATCAACCCCAATAGCAATCATCTTCCTTTGGGCACGAGCCACTCTCCCACGATATCGATACGACCTACTCATAGCAATAGCCTGAAAATCTTTTCTCCCAGTAAGATTAATTATTCTATTAGCATCTACCCAACTTATATTCATTATAGGATAATCAAACACAATGCTGGGA"
"31","Chip17","CACTCATTACATACCTTCTAATCCTATTAGGCGTAGCATTCTTTACCCTCCTTGAACGCAAAGCTTTGGGGTACTTTCAAATCCGAAAAGGTCCAAATAAGGTCGGAATTATGGGGATCCCACAACCATTAGCAGACGCCCTAAAACTTTTTGTGAAAGAGTGAGTAATACCAACATCCTCAAATTACTTACCATTTATTTTAACCCCAACAATCATATTAATTTTAGCACTTAGATTATGGCAGCTATTTCCATCCTTCATATTGTCATTTCAAATAATCCTTGGAATACTACTATTTTTGTGTATTTCCTCTTTAACCGTCTACACAACCTTAATAGCAGGTTGAGCCTCAAACTCAAAATATGCTCTCCTAGGAGCTATTCGAGCTATAGCCCAAACCATTTCATACGAAGTAACGATAACACTAATTATTATCTTCTATCTGTTCTTAGCTATACAAATAGATGTGGTAACAATCCGCTCAATTAATACCTCTATACCTACCTTTACCCTATCCATACCATTAGCTATTATATGGACTGTCGTCATCCTAGCGGAAACAAACCGAGCCCCGTTTGACTTCGCTGAAGGAGAATCAGAACTAGTCTCTGGGTTTAACATTGAGTACGGCGGAGCCGGATTTGCCTTCCTATTCATGGCCGAGTACAGAAACATCTTAATAATAAGACTTCTTACTGCCTGCATGCTGACAGGCACCTTACTAATATCAACCCCAATAGCAATCATCTTCCTTTGGGCACGAGCCACTCTCCCACGATATCGATACGACCTACTCATAGCAATAGCCTGAAAATCTTTTCTCCCAGTAAGATTAATTATTCTATTAGCATCTACCCCACTTATATTCATTATAGGATAATCAAACACAATGCTGGGA"
"32","Chip18","CACTCATTACATACCTTCTAATCCTATTAGGCGTAGCATTCTTTACCCTCCTTGAACGCAAAGCTTTGGGGTACTTTCAAATCCGAAAAGGTCCAAATAAGGTCGGAATTATGGGGATCCCACAACCATTAGCAGACGCCCTAAAACTTTTTGTGAAAGAGTGAGTAATACCAACATCCTCAAATTACTTACCATTTATTTTAACCCCAACAATCATATTAATTTTAGCACTTAGATTATGGCAGCTATTTCCATCCTTCATATTGTCATTTCAAATAATCCTTGGAATACTACTATTTTTGTGTATTTCCTCTTTAACCGTCTACACAACCTTAATAGCAGGTTGAGCCTCAAACTCAAAATATGCTCTCCTAGGAGCTATTCGAGCTATAGCCCAAACCATTTCATACGAAGTAACGATAACACTAATTATTATCTTCTATCTGTTCTTAGCTATACAAATAGATGTGGTAACAATCCGCTCAATTAATACCTCTATACCTACCTTTACCCTATCCATACCATTAGCTATTATATGGACTGTCGTCATCCTAGCGGAAACAAACCGAGCCCCGTTTGACTTCGCTGAAGGAGAATCAGAACTAGTCTCTGGGTTTAACATTGAGTACGGCGGAGCCGGATTTGCCTTCCTATTCATGGCCGAGTACAGAAACATCTTAATAATAAGACTTCTTACTGCCTGCATGCTGACAGGCACCTTACTAATATCAACCCCAATAGCAATCATCTTCCTTTGGGCACGAGCCACTCTCCCACGATATCGATACGACCTACTCATAGCAATAGCCTGAAAATCTTTTCTCCCAGTAAGATTAATTATTCTATTAGCATCTACCCCACTTATATTCATTATAGGATAATCAAACACAATGCTGGGA"
"33","Chip19","CACTCATTACATACCTTCTAATCCTATTAGGCGTAGCATTCTTTACCCTCCTTGAACGCAAAGCTTTGGGGTACTTTCAAATCCGAAAAGGTCCAAATAAGGTCGGAATTATAGGGATCCCACAACCATTAGCAGACGCCCTAAAACTTTTTGTGAAAGAGTGAGTAATACCAACATCCTCAAATTACTTACCATTTATTTTAACCCCAACAATCATATTAATTTTAGCACTTAGATTATGGCAGCTATTTCCATCCTTCATACTGTCATTTCAAATAATCCTTGGAATACTACTATTTTTGTGTATTTCCTCTTTAACCGTCTACACAACCTTAATAGCAGGTTGAGCCTCAAACTCAAAATATGCTCTCCTAGGAGCTATTCGAGCTATAGCCCAAACCATTTCATACGAAGTAACGATAACACTAATTATTATCTTCTATCTGTTCTTAGCTATACAAATAGATGTGGTAACAATCCGCTCAATTAATACCTCTATGCCTACCTTTACCCTATCCATACCATTAGCTATTATATGGACTGTCGTCATCCTAGCGGAAACAAACCGAGCCCCGTTTGACTTCGCTGAAGGAGAATCAGAACTAGTCTCTGGGTTTAACATTGAGTACGGCGGAGCCGGATTTGCCTTCCTATTCATGGCCGAGTACAGAAACATCTTAATAATAAGACTTCTTACTGCCTGCATGCTGACAGGCACCTTACTAATATCAACCCCAATAGCAATCATCTTCCTTTGGGCACGAGCCACTCTCCCACGATATCGATACGACCTACTCATAGCAATAGCCTGAAAATCTTTTCTCCCAGTAAGATTAATTATTCTATTAGCATCTACCCAACTTATATTCATTATAGGATAATCAAACACAATGCTGGGA"
"34","Chip2","CACTCATTACATACCTTCTAATCCTATTAGGCGTAGCATTCTTTACCCTCCTTGAACGCAAAGCTTTGGGGTACTTTCAAATCCGAAAAGGTCCAAATAAGGTCGGAATTATGGGGATCCCACAACCATTAGCAGACGCCCTAAAACTTTTTGTGAAAGAGTGAGTAATACCAACATCCTCAAATTACTTACCATTTATTTTAACCCCAACAATCATATTAATTTTAGCACTTAGATTATGGCAGCTATTTCCATCCTTCATATTGTCATTTCAAATAATCCTTGGAATACTACTATTTTTGTGTATTTCCTCTTTAACCGTCTACACAACCTTAATAGCAGGTTGAGCCTCAAACTCAAAATATGCTCTCCTAGGAGCTATTCGAGCTATAGCCCAAACCATTTCATACGAAGTAACGATAACACTAATTATTATCTTCTATCTGTTCTTAGCTATACAAATAGATGTGGTAACAATCCGCTCAATTAATACCTCTATGCCTACCTTTACCCTATCCATACCATTAGCTATTATATGGACTGTCGTCATCCTAGCGGAAACAAACCGAGCCCCGTTTGACTTCGCTGAAGGAGAATCAGAACTAGTCTCTGGGTTTAACATTGAGTACGGCGGAGCCGGATTTGCCTTCCTATTCATGGCCGAGTACAGAAACATCTTAATAATAAGACTTCTTACTGCCTGCATGCTGACAGGCACCTTACTAATATCAACCCCAATAGCAATCATCTTCCTTTGGGCACGAGCCACTCTCCCACGATATCGATACGACCTACTCATAGCAATAGCCTGAAAATCTTTTCTCCCAGTAAGATTAATTATTCTATTAGCATCTACCCCACTTATATTCATTATAGGATAATCAAACACAATGCTGGGA"
"35","Chip20","CACTCATTACATACCTTCTAATCCTATTAGGCGTAGCATTCTTTACCCTCCTTGAACGCAAAGCTTTGGGGTACTTTCAAATCCGAAAAGGTCCAAATAAGGTCGGAATTATAGGGATCCCACAACCATTAGCAGACGCCCTAAAACTTTTTGTGAAAGAGTGAGTAATACCAACATCCTCAAATTACTTACCATTTATTTTAACCCCAACAATCATATTAATTTTAGCACTTAGATTATGGCAGCTATTTCCATCCTTCATACTGTCATTTCAAATAATCCTTGGAATACTACTATTTTTGTGTATTTCCTCTTTAACCGTCTACACAACCTTAATAGCAGGTTGAGCCTCAAACTCAAAATATGCTCTCCTAGGAGCTATTCGAGCTATAGCCCAAACCATTTCATACGAAGTAACGATAACACTAATTATTATCTTCTATCTGTTCTTAGCTATACAAATAGATGTGGTAACAATCCGCTCAATTAATACCTCTATGCCTACCTTTACCCTATCCATACCATTAGCTATTATATGGACTGTCGTCATCCTAGCGGAAACAAACCGAGCCCCGTTTGACTTCGCTGAAGGAGAATCAGAACTAGTCTCTGGGTTTAACATTGAGTACGGCGGAGCCGGATTTGCCTTCCTATTCATGGCCGAGTACAGAAACATCTTAATAATAAGACTTCTTACTGCCTGCATGCTGACAGGCACCTTACTAATATCAACCCCAATAGCAATCATCTTCCTTTGGGCACGAGCCACTCTCCCACGATATCGATACGACCTACTCATAGCAATAGCCTGAAAATCTTTTCTCCCAGTAAGATTAATTATTCTATTAGCATCTACCCAACTTATATTCATTATAGGATAATCAAACACAATGCTGGGA"
"36","Chip3","CACTCATTACATACCTTCTAATCCTATTAGGCGTAGCATTCTTTACCCTCCTTGAACGCAAAGCTTTGGGGTACTTTCAAATCCGAAAAGGTCCAAATAAGGTCGGAATTATAGGGATCCCACAACCATTAGCAGACGCCCTAAAACTTTTTGTGAAAGAGTGAGTAATACCAACATCCTCAAATTACTTACCATTTATTTTAACCCCAACAATCATATTAATTTTAGCACTTAGATTATGGCAGCTATTTCCATCCTTCATACTGTCATTTCAAATAATCCTTGGAATACTACTATTTTTGTGTATTTCCTCTTTAACCGTCTACACAACCTTAATAGCAGGTTGAGCCTCAAACTCAAAATATGCTCTCCTAGGAGCTATTCGAGCTATAGCCCAAACCATTTCATACGAAGTAACGATAACACTAATTATTATCTTCTATCTGTTCTTAGCTATACAAATAGATGTGGTAACAATCCGCTCAATTAATACCTCTATGCCTACCTTTACCCTATCCATACCATTAGCTATTATATGGACTGTCGTCATCCTAGCGGAAACAAACCGAGCCCCGTTTGACTTCGCTGAAGGAGAATCAGAACTAGTCTCTGGGTTTAACATTGAGTACGGCGGAGCCGGATTTGCCTTCCTATTCATGGCCGAGTACAGAAACATCTTAATAATAAGACTTCTTACTGCCTGCATGCTGACAGGCACCTTACTAATATCAACCCCAATAGCAATCATCTTCCTTTGGGCACGAGCCACTCTCCCACGATATCGATACGACCTACTCATAGCAATAGCCTGAAAATCTTTTCTCCCAGTAAGATTAATCATTCTATTAGCATCTACCCAACTTATATTCATTATAGGATAATCAAACACAATGCTGGGA"
"37","Chip4","CACTCATTACATACCTTCTAATCCTATTAGGCGTAGCATTCTTTACCCTCCTTGAACGCAAAGCTTTGGGGTACTTTCAAATCCGAAAAGGTCCAAATAAGGTCGGAATTATGGGGATCCCACAACCATTAGCAGACGCCCTAAAACTTTTTGTGAAAGAGTGAGTAATACCAACATCCTCAAATTACTTACCATTTATTTTAACCCCAACAATCATATTAATTTTAGCACTTAGATTATGGCAGCTATTTCCATCCTTCATATTGTCATTTCAAATAATCCTTGGAATACTACTATTTTTGTGTATTTCCTCTTTAACCGTCTACACAACCTTAATAGCAGGTTGAGCCTCAAACTCAAAATATGCTCTCCTAGGAGCTATTCGAGCTATAGCCCAAACCATTTCATACGAAGTAACGATAACACTAATTATTATCTTCTATCTGTTCTTAGCTATACAAATAGATGTGGTAACAATCCGCTCAATTAATACCTCTATACCTACCTTTACCCTATCCATACCATTAGCTATTATATGGACTGTCGTCATCCTAGCGGAAACAAACCGAGCCCCGTTTGACTTCGCTGAAGGAGAATCAGAACTAGTCTCTGGGTTTAACATTGAGTACGGCGGAGCCGGATTTGCCTTCCTATTCATGGCCGAGTACAGAAACATCTTAATAATAAGACTTCTTACTGCCTGCATGCTGACAGGCACCTTACTAATATCAACCCCAATAGCAATCATCTTCCTTTGGGCACGAGCCACTCTCCCACGATATCGATACGACCTACTCATAGCAATAGCCTGAAAATCTTTTCTCCCAGTAAGATTAATTATTCTATTAGCATCTACCCCACTTATATTCATTATAGGATAATCAAACACAATGCTGGGA"
"38","Chip6","CACTCATTACATACCTTCTAATCCTATTAGGCGTAGCATTCTTTACCCTCCTTGAACGCAAAGCTTTGGGGTACTTTCAAATCCGAAAAGGTCCAAATAAGGTCGGAATTATGGGGATCCCACAACCATTAGCAGACGCCCTAAAACTTTTTGTGAAAGAGTGAGTAATACCAACATCCTCAAATTACTTACCATTTATTTTAACCCCAACAATCATATTAATTTTAGCACTTAGATTATGGCAGCTATTTCCATCCTTCATATTGTCATTTCAAATAATCCTTGGAATACTACTATTTTTGTGTATTTCCTCTTTAACCGTCTACACAACCTTAATAGCAGGTTGAGCCTCAAACTCAAAATATGCTCTCCTAGGAGCTATTCGAGCTATAGCCCAAACCATTTCATACGAAGTAACGATAACACTAATTATTATCTTCTATCTGTTCTTAGCTATACAAATAGATGTGGTAACAATCCGCTCAATTAATACCTCTATACCTACCTTTACCCTATCCATACCATTAGCTATTATATGGACTGTCGTCATCCTAGCGGAAACAAACCGAGCCCCGTTTGACTTCGCTGAAGGAGAATCAGAACTAGTCTCTGGGTTTAACATTGAGTACGGCGGAGCCGGATTTGCCTTCCTATTCATGGCCGAGTACAGAAACATCTTAATAATAAGACTTCTTACTGCCTGCATGCTGACAGGCACCTTACTAATATCAACCCCAATAGCAATCATCTTCCTTTGGGCACGAGCCACTCTCCCACGATATCGATACGACCTACTCATAGCAATAGCCTGAAAATCTTTTCTCCCAGTAAGATTAATTATTCTATTAGCATCTACCCCACTTATATTCATTATAGGATAATCAAACACAATGCTGGGA"
"39","Chip7","CACTCATTACATACCTTCTAATCCTATTAGGCGTAGCATTCTTTACCCTCCTTGAACGCAAAGCTTTGGGGTACTTTCAAATCCGAAAAGGTCCAAATAAGGTCGGAATTATAGGGATCCCACAACCATTAGCAGACGCCCTAAAACTTTTTGTGAAAGAGTGAGTAATACCAACATCCTCAAATTACTTACCATTTATTTTAACCCCAACAATCATATTAACTTTAGCACTTAGATTATGGCAGCTATTTCCATCCTTCATACTGTCATTTCAAATAATCCTTGGAATACTACTATTTTTGTGTATTTCCTCTTTAACCGTCTACACAACCTTAATAGCAGGTTGAGCCTCAAACTCAAAATATGCTCTCCTAGGAGCTATTCGAGCTATAGCCCAAACCATTTCATACGAAGTAACGATAACACTAATTATTATCTTCTATCTGTTCTTAGCTATACAAATAGATGTGGTAACAATCCGCTCAATTAATACCTCTATGCCTACCTTTACCCTATCCATACCATTAGCTATTATATGGACTGTCGTCATCCTAGCGGAAACAAACCGAGCCCCGTTTGACTTCGCTGAAGGAGAATCAGAACTAGTCTCTGGGTTTAACATTGAGTACGGCGGAGCCGGATTTGCCTTCCTATTCATGGCCGAGTACAGAAACATCTTAATAATAAGACTTCTTACTGCCTGCATGCTGACAGGCACCTTACTAATATCAACCCCAATAGCAATCATCTTCCTTTGGGCACGAGCCACTCTCCCACGATATCGATACGACCTACTCATAGCAATAGCCTGAAAATCTTTTCTCCCAGTAAGATTAATTATTCTATTAGCATCTACCCCACTTATATTCATTATAGGATAATCAAACACAATGCTGGGA"
"40","Chip8","CACTCATTACATACCTTCTAATCCTATTAGGCGTAGCATTCTTTACCCTCCTTGAACGCAAAGCTTTGGGGTACTTTCAAATCCGAAAAGGTCCAAATAAGGTCGGAATTATGGGGATCCCACAACCATTAGCAGACGCCCTAAAACTTTTTGTGAAAGAGTGAGTAATACCAACATCCTCAAATTACTTACCATTTATTTTAACCCCAACAATCATATTAATTTTAGCACTTAGATTATGGCAGCTATTTCCATCCTTCATATTGTCATTTCAAATAATCCTTGGAATACTACTATTTTTGTGTATTTCCTCTTTAACCGTCTACACAACCTTAATAGCAGGTTGAGCCTCAAACTCAAAATATGCTCTCCTAGGAGCTATTCGAGCTATAGCCCAAACCATTTCATACGAAGTAACGATAACACTAATTATTATCTTCTATCTGTTCTTAGCTATACAAATAGATGTGGTAACAATCCGCTCAATTAATACCTCTATACCTACCTTTACCCTATCCATACCATTAGCTATTATATGGACTGTCGTCATCCTAGCGGAAACAAACCGAGCCCCGTTTGACTTCGCTGAAGGAGAATCAGAACTAGTCTCTGGGTTTAACATTGAGTACGGCGGAGCCGGATTTGCCTTCCTATTCATGGCCGAGTACAGAAACATCTTAATAATAAGACTTCTTACTGCCTGCATGCTGACAGGCACCTTACTAATATCAACCCCAATAGCAATCATCTTCCTTTGGGCACGAGCCACTCTCCCACGATATCGATACGACCTACTCATAGCAATAGCCTGAAAATCTTTTCTCCCAGTAAGATTAATTATTCTATTAGCATCTACCCCACTTATATTCATTATAGGATAATCAAACACAATGCTGGGA"
"41","Chip9","CACTCATTACATACCTTCTAATCCTATTAGGCGTAGCATTCTTTACCCTCCTTGAACGCAAAGCTTTGGGGTACTTTCAAATCCGAAAAGGTCCAAATAAGGTCGGAATTATAGGGATCCCACAACCATTAGCAGACGCCCTAAAACTTTTTGTGAAAGAGTGAGTAATACCAACATCCTCAAATTACTTACCATTTATTTTAACCCCAACAATCATATTAATTTTAGCACTTAGATTATGGCAGCTATTTCCATCCTTCATACTGTCATTTCAAATAATCCTTGGAATACTACTATTTTTGTGTATTTCCTCTTTAACCGTCTACACAACCTTAATAGCAGGTTGAGCCTCAAACTCAAAATATGCTCTCCTAGGAGCTATTCGAGCTATAGCCCAAACCATTTCATACGAAGTAACGATAACACTAATTATTATCTTCTATCTGTTCTTAGCTATACAAATAGATGTGGTAACAATCCGCTCAATTAATACCTCTATGCCTACCTTTACCCTATCCATACCATTAGCTATTATATGGACTGTCGTCATCCTAGCGGAAACAAACCGAGCCCCGTTTGACTTCGCTGAAGGAGAATCAGAACTAGTCTCTGGGTTTAACATTGAGTACGGCGGAGCCGGATTTGCCTTCCTATTCATGGCCGAGTACAGAAACATCTTAATAATAAGACTTCTTACTGCCTGCATGCTGACAGGCACCTTACTAATATCAACCCCAATAGCAATCATCTTCCTTTGGGCACGAGCCACTCTCCCACGATATCGATACGACCTACTCATAGCAATAGCCTGAAAATCTTTTCTCCCAGTAAGATTAATTATTCTATTAGCATCTACCCAACTTATATTCATTATAGGATAATCAAACACAATGCTGGGA"
"42","Mer1","CACTCATTACATACCTTCTAATCCTATTAGGCGTAGCATTCTTTACCCTCCTTGAACGCAAAGCTTTGGGGTACTTTCAAATCCGAAAAGGTCCAAATAAGGTCGGAATTATGGGGATCCCACAACCATTAGCAGACGCCCTAAAACTTTTTGTGAAAGAGTGAGTAATACCAACATCCTCAAATTACTTACCATTTATTTTAACCCCAACAATCATATTAATTTTAGCACTTAGATTATGGCAGCTATTTCCATCCTTCATATTGTCATTTCAAATAATCCTTGGAATACTACTATTTTTGTGTATTTCCTCTTTAACCGTCTACACAACCTTAATAGCAGGTTGAGCCTCAAACTCAAAATATGCTCTCCTAGGAGCTATTCGAGCTATAGCCCAAACCATTTCATACGAAGTAACGATAACACTAATTATTATCTTCTATCTGTTCTTAGCTATACAAATAGATGTGGTAACAATCCGCTCAATTAATACCTCTATACCTACCTTTACCCTATCCATACCATTAGCTATTATATGGACTGTCGTCATCCTAGCGGAAACAAACCGAGCCCCGTTTGACTTCGCTGAAGGAGAATCAGAACTAGTCTCTGGGTTTAACATTGAGTACGGCGGAGCCGGATTTGCCTTCCTATTCATGGCCGAGTACAGAAACATCTTAATAATAAGACTTCTTACTGCCTGCATGCTGACAGGCACCTTACTAATATCAACCCCAATAGCAATCATCTTCCTTTGGGCACGAGCCACTCTCCCACGATATCGATACGACCTACTCATAGCAATAGCCTGAAAATCTTTTCTCCCAGTAAGATTAATTATTCTATTAGCATCTACCCCACTTATATTCATTATAGGATAATCAAACACAATGCTGGGA"
"43","Mer2","CACTCATTACATACCTTCTAATCCTATTAGGCGTAGCATTCTTTACCCTCCTTGAACGCAAAGCTTTGGGGTACTTTCAAATCCGAAAAGGTCCAAATAAGGTCGGAATTATGGGGATCCCACAACCATTAGCAGACGCCCTAAAACTTTTTGTGAAAGAGTGAGTAATACCAACATCCTCAAATTACTTACCATTTATTTTAACCCCAACAATCATATTAATTTTAGCACTTAGATTATGGCAGCTATTTCCATCCTTCATATTGTCATTTCAAATAATCCTTGGAATACTACTATTTTTGTGTATTTCCTCTTTAACCGTCTACACAACCTTAATAGCAGGTTGAGCCTCAAACTCAAAATATGCTCTCCTAGGAGCTATTCGAGCTATAGCCCAAACCATTTCATACGAAGTAACGATAACACTAATTATTATCTTCTATCTGTTCTTAGCCATACAAATAGATGTGGTAACAATCCGCTCAATTAATACCTCTATACCTACCTTTACCCTATCCATACCATTAGCTATTATATGGACTGTCGTCATCCTAGCGGAAACAAACCGAGCCCCGTTTGACTTCGCTGAAGGAGAATCAGAACTAGTCTCTGGGTTTAACATTGAGTACGGCGGAGCCGGATTTGCCTTCCTATTCATGGCCGAGTACAGAAACATCTTAATAATAAGACTTCTTACTGCCTGCATGCTGACAGGCACCTTACTAATATCAACCCCAATAGCAATCATCTTCCTTTGGGCACGAGCCACTCTCCCACGATATCGATACGACCTACTCATAGCAATAGCCTGAAAATCTTTTCTCCCAGTAAGATTAATTATTCTATTAGCATCTACCCCACTTATATTCATTATAGGATAATCAAACACAATGCTGGGA"
"44","Mer3","CACTCATTACATACCTTCTAATCCTATTAGGCGTAGCATTCTTTACCCTCCTTGAACGCAAAGCTTTGGGGTACTTTCAAATCCGAAAAGGTCCAAATAAGGTCGGAATTATAGGGATCCCACAACCATTAGCAGACGCCCTAAAACTTTTTGTGAAAGAGTGAGTAATACCAACATCCTCAAATTACTTACCATTTATTTTAACCCCAACAATCATATTAATTTTAGCACTTAGATTATGGCAGCTATTTCCATCCTTCATACTGTCATTTCAAATAATCCTTGGAATACTACTATTTTTGTGTATTTCCTCTTTAACCGTCTACACAACCTTAATAGCAGGTTGAGCCTCAAACTCAAAATATGCTCTCCTAGGAGCTATTCGAGCTATAGCCCAAACCATTTCATACGAAGTAACGATAACACTAATTATTATCTTCTATCTGTTCTTAGCTATACAAATAGATGTGGTAACAATCCGCTCAATTAATACCTCTATGCCTACCTTTACCCTATCCATACCATTAGCTATTATATGGACTGTCGTCATCCTAGCGGAAACAAACCGAGCCCCGTTTGACTTCGCTGAAGGAGAATCAGAACTAGTCTCTGGGTTTAACATTGAGTACGGCGGAGCCGGATTTGCCTTCCTATTCATGGCCGAGTACAGAAACATCTTAATAATAAGACTTCTTACTGCCTGCATGCTGACAGGCACCTTACTAATATCAACCCCAATAGCAATCATCTTCCTTTGGGCACGAGCCACTCTCCCACGATATCGATACGACCTACTCATAGCAATAGCCTGAAAATCTTTTCTCCCAGTAAGATTAATTATTCTATTAGCATCTACCCAACTTATATTCATTATAGGATAATCAAACACAATGCTGGGA"
"45","Mer4","CACTCATTACATACCTTCTAATCCTATTAGGCGTAGCATTCTTTACCCTCCTTGAACGCAAAGCTTTGGGGTACTTTCAAATCCGAAAAGGTCCAAATAAGGTCGGAATTATAGGGATCCCACAACCATTAGCAGACGCCCTAAAACTTTTTGTGAAAGAGTGAGTAATACCAACATCCTCAAATTACTTACCATTTATTTTAACCCCAACAATCATATTAACTTTAGCACTTAGATTATGGCAGCTATTTCCATCCTTCATACTGTCATTTCAAATAATCCTTGGAATACTACTATTTTTGTGTATTTCCTCTTTAACCGTCTACACAACCTTAATAGCAGGTTGAGCCTCAAACTCAAAATATGCTCTCCTAGGAGCTATTCGAGCTATAGCCCAAACCATTTCATACGAAGTAACGATAACACTAATTATTATCTTCTATCTGTTCTTAGCTATACAAATAGATGTGGTAACAATCCGCTCAATTAATACCTCTATGCCTACCTTTACCCTATCCATACCATTAGCTATTATATGGACTGTCGTCATCCTAGCGGAAACAAACCGAGCCCCGTTTGACTTCGCTGAAGGAGAATCAGAACTAGTCTCTGGGTTTAACATTGAGTACGGCGGAGCCGGATTTGCCTTCCTATTCATGGCCGAGTACAGAAACATCTTAATAATAAGACTTCTTACTGCCTGCATGCTGACAGGCACCTTACTAATATCAACCCCAATAGCAATCATCTTCCTTTGGGCACGAGCCACTCTCCCACGATATCGATACGACCTACTCATAGCAATAGCCTGAAAATCTTTTCTCCCAGTAAGATTAATTATTCTATTAGCATCTACCCCACTTATATTCATTATAGGATAATCAAACACAATGCTGGGA"
"46","Mer5","CACTCATTACATACCTTCTAATCCTATTAGGCGTAGCATTCTTTACCCTCCTTGAACGCAAAGCTTTGGGGTACTTTCAAATCCGAAAAGGTCCAAATAAGGTCGGAATTATGGGGATCCCACAACCATTAGCAGACGCCCTAAAACTTTTTGTGAAAGAGTGAGTAATACCAACATCCTCAAATTACTTACCATTTATTTTAACCCCAACAATCATATTAATTTTAGCACTTAGATTATGGCAGCTATTTCCATCCTTCATATTGTCATTTCAAATAATCCTTGGAATACTACTATTTTTGTGTATTTCCTCTTTAACCGTCTACACAACCTTAATAGCAGGTTGAGCCTCAAACTCAAAATATGCTCTCCTAGGAGCTATTCGAGCTATAGCCCAAACCATTTCATACGAAGTAACGATAACACTAATTATTATCTTCTATCTGTTCTTAGCTATACAAATAGATGTGGTAACAATCCGCTCAATTAATACCTCTATACCTACCTTTACCCTATCCATACCATTAGCTATTATATGGACTGTCGTCATCCTAGCGGAAACAAACCGAGCCCCGTTTGACTTCGCTGAAGGAGAATCAGAACTAGTCTCTGGGTTTAACATTGAGTACGGCGGAGCCGGATTTGCCTTCCTATTCATGGCCGAGTACAGAAACATCTTAATAATAAGACTTCTTACTGCCTGCATGCTGACAGGCACCTTACTAATATCAACCCCAATAGCAATCATCTTCCTTTGGGCACGAGCCACTCTCCCACGATATCGATACGACCTACTCATAGCAATAGCCTGAAAATCTTTTCTCCCAGTAAGATTAATTATTCTATTAGCATCTACCCCACTTATATTCATTATAGGATAATCAAACACAATGCTGGGA"
"47","Mer6","CACTCATTACATACCTTCTAATCCTATTAGGCGTAGCATTCTTTACCCTCCTTGAACGCAAAGCTTTGGGGTACTTTCAAATCCGAAAAGGTCCAAATAAGGTCGGAATTATGGGGATCCCACAACCATTAGCAGACGCCCTAAAACTTTTTGTGAAAGAGTGAGTAATACCAACATCCTCAAATTACTTACCATTTATTTTAACCCCAACAATCATATTAATTTTAGCACTTAGATTATGGCAGCTATTTCCATCCTTCATATTGTCATTTCAAATAATCCTTGGAATACTACTATTTTTGTGTATTTCCTCTTTAACCGTCTACACAACCTTAATAGCAGGTTGAGCCTCAAACTCAAAATATGCTCTCCTAGGAGCTATTCGAGCTATAGCCCAAACCATTTCATACGAAGTAACGATAACACTAATTATTATCTTCTATCTGTTCTTAGCTATACAAATAGATGTGGTAACAATCCGCTCAATTAATACCTCTATACCTACCTTTACCCTATCCATACCATTAGCTATTATATGGACTGTCGTCATCCTAGCGGAAACAAACCGAGCCCCGTTTGACTTCGCTGAAGGAGAATCAGAACTAGTCTCTGGGTTTAACATTGAGTACGGCGGAGCCGGATTTGCCTTCCTATTCATGGCCGAGTACAGAAACATCTTAATAATAAGACTTCTTACTGCCTGCATGCTGACAGGCACCTTACTAATATCAACCCCAATAGCAATCATCTTCCTTTGGGCACGAGCCACTCTCCCACGATATCGATACGACCTACTCATAGCAATAGCCTGAAAATCTTTTCTCCCAGTAAGATTAATTATTCTATTAGCATCTACCCCACTTATATTCATTATAGGATAATCAAACACAATGCTGGGA"
"48","Mer7","CACTCATTACATACCTTCTAATCCTATTAGGCGTAGCATTCTTTACCCTCCTTGAACGCAAAGCTTTGGGGTACTTTCAAATCCGAAAAGGTCCAAATAAGGTCGGAATTATAGGGATCCCACAACCATTAGCAGACGCCCTAAAACTTTTTGTGAAAGAGTGAGTAATACCAACATCCTCAAATTACTTACCATTTATTTTAACCCCAACAATCATATTAATTTTAGCACTTAGATTATGGCAGCTATTTCCATCCTTCATACTGTCATTTCAAATAATCCTTGGAATACTACTATTTTTGTGTATTTCCTCTTTAACCGTCTACACAACCTTAATAGCAGGTTGAGCCTCAAACTCAAAATATGCTCTCCTAGGAGCTATTCGAGCTATAGCCCAAACCATTTCATACGAAGTAACGATAACACTAATTATTATCTTCTATCTGTTCTTAGCTATACAAATAGATGTGGTAACAATCCGCTCAATTAATACCTCTATGCCTACCTTTACCCTATCCATACCATTAGCTATTATATGGACTGTCGTCATCCTAGCGGAAACAAACCGAGCCCCGTTTGACTTCGCTGAAGGAGAATCAGAACTAGTCTCTGGGTTTAACATTGAGTACGGCGGAGCCGGATTTGCCTTCCTATTCATGGCCGAGTACAGAAACATCTTAATAATAAGACTTCTTACTGCCTGCATGCTGACAGGCACCTTACTAATATCAACCCCAATAGCAATCATCTTCCTTTGGGCACGAGCCACTCTCCCACGATATCGATACGACCTACTCATAGCAATAGCCTGAAAATCTTTTCTCCCAGTAAGATTAATTATTCTATTAGCATCTACCCAACTTATATTCATTATAGGATAATCAAACACAATGCTGGGA"
"49","Mer8","CACTCATTACATACCTTCTAATCCTATTAGGCGTAGCATTCTTTACCCTCCTTGAACGCAAAGCTTTGGGGTACTTTCAAATCCGAAAAGGTCCAAATAAGGTCGGAATTATAGGGATCCCACAACCATTAGCAGACGCCCTAAAACTTTTTGTGAAAGAGTGAGTAATACCAACATCCTCAAATTACTTACCATTTATTTTAACCCCAACAATCATATTAATTTTAGCACTTAGATTATGGCAGCTATTTCCATCCTTCATACTGTCATTTCAAATAATCCTTGGAATACTACTATTTTTGTGTATTTCCTCTTTAACCGTCTACACAACCTTAATAGCAGGTTGAGCCTCAAACTCAAAATATGCTCTCCTAGGAGCTATTCGAGCTATAGCCCAAACCATTTCATACGAAGTAACGATAACACTAATTATTATCTTCTATCTGTTCTTAGCTATACAAATAGATGTGGTAACAATCCGCTCAATTAATACCTCTATGCCTACCTTTACCCTATCCATACCATTAGCTATTATATGGACTGTCGTCATCCTAGCGGAAACAAACCGAGCCCCGTTTGACTTCGCTGAAGGAGAATCAGAACTAGTCTCTGGGTTTAACATTGAGTACGGCGGAGCCGGATTTGCCTTCCTATTCATGGCCGAGTACAGAAACATCTTAATAATAAGACTTCTTACTGCCTGCATGCTGACAGGCACCTTACTAATATCAACCCCAATAGCAATCATCTTCCTTTGGGCACGAGCCACTCTCCCACGATATCGATACGACCTACTCATAGCAATAGCCTGAAAATCTTTTCTCCCAGTAAGATTAATTATTCTATTAGCATCTACCCAACTTATATTCATTATAGGATAATCAAACACAATGCTGGGA"
"50","Mer9","CACTCATTACATACCTTCTAATCCTATTAGGCGTAGCATTCTTTACCCTCCTTGAACGCAAAGCTTTGGGGTACTTTCAAATCCGAAAAGGTCCAAATAAGGTCGGAATTATGGGGATCCCACAACCATTAGCAGACGCCCTAAAACTTTTTGTGAAAGAGTGAGTAATACCAACATCCTCAAATTACTTACCATTTATTTTAACCCCAACAATCATATTAATTTTAGCACTTAGATTATGGCAGCTATTTCCATCCTTCATATTGTCATTTCAAATAATCCTTGGAATACTACTATTTTTGTGTATTTCCTCTTTAACCGTCTACACAACCTTAATAGCAGGTTGAGCCTCAAACTCAAAATATGCTCTCCTAGGAGCTATTCGAGCTATAGCCCAAACCATTTCATACGAAGTAACGATAACACTAATTATTATCTTCTATCTGTTCTTAGCTATACAAATAGATGTGGTAACAATCCGCTCAATTAATACCTCTATACCTACCTTTACCCTATCCATACCATTAGCTATTATATGGACTGTCGTCATCCTAGCGGAAACAAACCGAGCCCCGTTTGACTTCGCTGAAGGAGAATCAGAACTAGTCTCTGGGTTTAACATTGAGTACGGCGGAGCCGGATTTGCCTTCCTATTCATGGCCGAGTACAGAAACATCTTAATAATAAGACTTCTTACTGCCTGCATGCTGACAGGCACCTTACTAATATCAACCCCAATAGCAATCATCTTCCTTTGGGCACGAGCCACTCTCCCACGATATCGATACGACCTACTCATAGCAATAGCCTGAAAATCTTTTCTCCCAGTAAGATTAATTATTCTATTAGCATCTACCCCACTTATATTCATTATAGGATAATCAAACACAATGCTGGGA"
"51","MISS1","CACTCATTACATACCTTCTAATCCTATTAGGCGTAGCATTCTTTACCCTCCTTGAACGCAAAGCTTTGGGGTACTTTCAAATCCGAAAAGGTCCAAATAAGGTCGGAATTATAGGGATCCCACAACCATTAGCAGACGCCCTAAAACTTTTTGTGAAAGAGTGAGTAATACCAACATCCTCAAATTACTTACCATTTATTTTAACCCCAACAATCATATTAATTTTAGCACTTAGATTATGGCAGCTATTTCCATCCTTCATACTGTCATTTCAAATAATCCTTGGAATACTACTATTTTTGTGTATTTCCTCTTTAACCGTCTACACAACCTTAATAGCAGGTTGAGCCTCAAACTCAAAATATGCTCTCCTAGGAGCTATTCGAGCTATAGCCCAAACCATTTCATACGAAGTAACGATAACACTAATTATTATCTTCTATCTGTTCTTAGCTATACAAATAGATGTGGTAACAATCCGCTCAATTAATACCTCTATGCCTACCTTTACCCTATCCATACCATTAGCTATTATATGGACTGTCGTCATCCTAGCGGAAACAAACCGAGCCCCGTTTGACTTCGCTGAAGGAGAATCAGAACTAGTCTCTGGGTTTAACATTGAGTACGGCGGAGCCGGATTTGCCTTCCTATTCATGGCCGAGTACAGAAACATCTTAATAATAAGACTTCTTACTGCCTGCATGCTGACAGGCACCTTACTAATATCAACCCCAATAGCAATCATCTTCCTTTGGGCACGAGCCACTCTCCCACGATATCGATACGACCTACTCATAGCAATAGCCTGAAAATCTTTTCTCCCAGTAAGATTAATTATTCTATTAGCATCTCCCCCACTTATATTCATTATAGGATAATCAAACACAATGCTGGGA"
"52","MISS2","CACTCATTACATACCTTCTAATCCTATTAGGCGTAGCATTCTTTACCCTCCTTGAACGCAAAGCTTTGGGGTACTTTCAAATCCGAAAAGGTCCAAATAAGGTCGGAATTATGGGGATCCCACAACCATTAGCAGACGCCCTAAAACTTTTTGTGAAAGAGTGAGTAATACCAACATCCTCAAATTACTTACCATTTATTTTAACCCCAACAATCATATTAATTTTAGCACTTAGATTATGGCAGCTATTTCCATCCTTCATATTGTCATTTCAAATAATCCTTGGAATACTACTATTTTTGTGTATTTCCTCTTTAACCGTCTACACAACCTTAATAGCAGGTTGAGCCTCAAACTCAAAATATGCTCTCCTAGGAGCTATTCGAGCTATAGCCCAAACCATTTCATACGAAGTAACGATAACACTAATTATTATCTTCTATCTGTTCTTAGCTATACAAATAGATGTGGTAACAATCCGCTCAATTAATACCTCTATACCTACCTTTACCCTATCCATACCATTAGCTATTATATGGACTGTCGTCATCCTAGCGGAAACAAACCGAGCCCCGTTTGACTTCGCTGAAGGAGAATCAGAACTAGTCTCTGGGTTTAACATTGAGTACGGCGGAGCCGGATTTGCCTTCCTATTCATGGCCGAGTACAGAAACATCTTAATAATAAGACTTCTTACTGCCTGCATGCTGACAGGCACCTTACTAATATCAACCCCAATAGCAATCATCTTCCTTTGGGCACGAGCCACTCTCCCACGATATCGATACGACCTACTCATAGCAATAGCCTGAAAATCTTTTCTCCCAGTAAGATTAATTATTCTATTAGCATCTCCCCCACTTATATTCATTATAGGATAATCAAACACAATGCTGGGA"
"53","TIPP1","CACTCATTACATACCTTCTAATCCTATTAGGCGTAGCATTCTTTACCCTCCTTGAACGCAAAGCTTTGGGGTACTTTCAAATCCGAAAAGGTCCAAATAAGGTCGGAATTATGGGGATCCCACAACCATTAGCAGACGCCCTAAAACTTTTTGTGAAAGAGTGAGTAATACCAACATCCTCAAATTACTTACCATTTATTTTAACCCCAACAATCATATTAATTTTAGCACTTAGATTATGGCAGCTATTTCCATCCTTCATATTGTCATTTCAAATAATCCTTGGAATACTACTATTTTTGTGTATTTCCTCTTTAACCGTCTACACAACCTTAATAGCAGGTTGAGCCTCAAACTCAAAATATGCTCTCCTAGGAGCTATTCGAGCTATAGCCCAAACCATTTCATACGAAGTAACGATAACACTAATTATTATCTTCTATCTGTTCTTAGCTATACAAATAGATGTGGTAACAATCCGCTCAATTAATACCTCTATACCTACCTTTACCCTATCCATACCATTAGCTATTATATGGACTGTCGTCATCCTAGCGGAAACAAACCGAGCCCCGTTTGACTTCGCTGAAGGAGAATCAGAACTAGTCTCTGGGTTTAACATTGAGTACGGCGGAGCCGGATTTGCCTTCCTATTCATGGCCGAGTACAGAAACATCTTAATAATAAGACTTCTTACTGCCTGCATGCTGACAGGCACCTTACTAATATCAACCCCAATAGCAATCATCTTCCTTTGGGCACGAGCCACTCTCCCACGATATCGATACGACCTACTCATAGCAATAGCCTGAAAATCTTTTCTCCCAGTAAGATTAATTATTCTATTAGCATCTACCCCACTTATATTCATTATAGGATAATCAAACACAATGCTGGGA"
"54","TIPP10","CACTCATTACATACCTTCTAATCCTATTAGGCGTAGCATTCTTTACCCTCCTTGAACGCAAAGCTTTGGGGTACTTTCAAATCCGAAAAGGTCCAAATAAGGTCGGAATTATGGGGATCCCACAACCATTAGCAGACGCCCTAAAACTTTTTGTGAAAGAGTGAGTAATACCAACATCCTCAAATTACTTACCATTTATTTTAACCCCAACAATCATATTAATTTTAGCACTTAGATTATGGCAGCTATTTCCATCCTTCATATTGTCATTTCAAATAATCCTTGGAATACTACTATTTTTGTGTATTTCCTCTTTAACCGTCTACACAACCTTAATAGCAGGTTGAGCCTCAAACTCAAAATATGCTCTCCTAGGAGCTATTCGAGCTATAGCCCAAACCATTTCATACGAAGTAACGATAACACTAATTATTATCTTCTATCTGTTCTTAGCTATACAAATAGATGTGGTAACAATCCGCTCAATTAATACCTCTATACCTACCTTTACCCTATCCATACCATTAGCTATTATATGGACTGTCGTCATCCTAGCGGAAACAAACCGAGCCCCGTTTGACTTCGCTGAAGGAGAATCAGAACTAGTCTCTGGGTTTAACATTGAGTACGGCGGAGCCGGATTTGCCTTCCTATTCATGGCCGAGTACAGAAACATCTTAATAATAAGACTTCTTACTGCCTGCATGCTGACAGGCACCTTACTAATATCAACCCCAATAGCAATCATCTTCCTTTGGGCACGAGCCACTCTCCCACGATATCGATACGACCTACTCATAGCAATAGCCTGAAAATCTTTTCTCCCAGTAAGATTAATTATTCTATTAGCATCTACCCCACTTATATTCATTATAGGATAATCAAACACAATGCTGGGA"
"55","TIPP11","CACTCATTACATACCTTCTAATCCTATTAGGCGTAGCATTCTTTACCCTCCTTGAACGCAAAGCTTTGGGGTACTTTCAAATCCGAAAAGGTCCAAATAAGGTCGGAATTGTGGGGATCCCACAACCATTAGCAGACGCCCTAAAACTTTTTGTGAAAGAGTGAGTAATACCAACATCCTCAAATTACTTACCATTTATTTTAACCCCAACAATCATATTAATTTTAGCACTTAGATTATGGCAGCTATTTCCATCCTTCATATTGTCATTTCAAATAATCCTTGGAATACTACTATTTTTGTGTATTTCCTCTGTAACCGTCTACACAACGTTAATAGCAGGTTGAGCCTCAAACTCAAAATATGCTCTCCTAGGAGCTATTCGAGCTATAGCCCAAACCATTTCATACGAAGTAACGATAACACTAATTATTATCTTCTATCTGTTCTTAGCTATACAAATAGATGTGGTGACAATCCGCTCAAATAATACCTCTATACCTACCTTTACCCTATCCATACCATTAGCTATTATATGGACGGTCGTCATCCTAGCGGAAACAAACCGAGCCCCGTTTGACTTCGCTGAAGGAGAATCAGAACTAGTCTCTGGGTTTAACATTGAGTACGGCGGAGCCGGATTTGCCTTCCTATTCATGGCGGAGTACAGAAACATCTTAATAATAAGACTTCTTACTGCCTGCATGCTGACAGGCACCTTAATAATATCAACCCCAATAGCAATCATCTTCCTTTGGGCGCGAGCCACTCTCCCACGATATCGATACGACCTACTCATAGCAATAGCCTGAAAATCTTTTCTCCCAGTAAGATTAATTATTCTATTAGCATCTACCCCACTTATATTCATTATAGGATAATCAAACACAATGCTGGGA"
"56","TIPP12","CACTCATTACATACCTTCTAATCCTATTAGGCGTAGCATTCTTTACCCTCCTTGAACGCAAAGCTTTGGGGTACTTTCAAATCCGAAAAGGTCCAAATAAGGTCGGAATTGTGGGGATCCCACAACCATTAGCAGACGCCCTAAAACTTTTTGTGAAAGAGTGAGTAATACCAACATCCTCAAATTACTTACCATTTATTTTAACCCCAACAATCATATTAATTTTAGCACTTAGATTATGGCAGCTATTTCCATCCTTCATATTGTCATTTCAAATAATCCTTGGAATACTACTATTTTTGTGTATTTCCTCTGTAACCGTCTACACAACGTTAATAGCAGGTTGAGCCTCAAACTCAAAATATGCTCTCCTAGGAGCTATTCGAGCTATAGCCCAAACCATTTCATACGAAGTAACGATAACACTAATTATTATCTTCTATCTGTTCTTAGCTATACAAATAGATGTGGTGACAATCCGCTCAAATAATACCTCTATACCTACCTTTACCCTATCCATACCATTAGCTATTATATGGACGGTCGTCATCCTAGCGGAAACAAACCGAGCCCCGTTTGACTTCGCTGAAGGAGAATCAGAACTAGTCTCTGGGTTTAACATTGAGTACGGCGGAGCCGGATTTGCCTTCCTATTCATGGCGGAGTACAGAAACATCTTAATAATAAGACTTCTTACTGCCTGCATGCTGACAGGCACCTTAATAATATCAACCCCAATAGCAATCATCTTCCTTTGGGCGCGAGCCACTCTCCCACGATATCGATACGACCTACTCATAGCAATAGCCTGAAAATCTTTTCTCCCAGTAAGATTAATTATTCTATTAGCATCTACCCCACTTATATTCATTATAGGATAATCAAACACAATGCTGGGA"
"57","TIPP13","CACTCATTACATACCTTCTAATCCTATTAGGCGTAGCATTCTTTACCCTCCTTGAACGCAAAGCTTTGGGGTACTTTCAAATCCGAAAAGGTCCAAATAAGGTCGGAATTATGGGGATCCCACAACCATTAGCAGACGCCCTAAAACTTTTTGTGAAAGAGTGAGTAATACCAACATCCTCAAATTACTTACCATTTATTTTAACCCCAACAATCATATTAATTTTAGCACTTAGATTATGGCAGCTATTTCCATCCTTCATATTGTCATTTCAAATAATCCTTGGAATACTACTATTTTTGTGTATTTCCTCTTTAACCGTCTACACAACCTTAATAGCAGGTTGAGCCTCAAACTCAAAATATGCTCTCCTAGGAGCTATTCGAGCTATAGCCCAAACCATTTCATACGAAGTAACGATAACACTAATTATTATCTTCTATCTGTTCTTAGCTATACAAATAGATGTGGTAACAATCCGCTCAATTAATACCTCTATACCTACCTTTACCCTATCCATACCATTAGCTATTATATGGACTGTCGTCATCCTAGCGGAAACAAACCGAGCCCCGTTTGACTTCGCTGAAGGAGAATCAGAACTAGTCTCTGGGTTTAACATTGAGTACGGCGGAGCCGGATTTGCCTTCCTATTCATGGCCGAGTACAGAAACATCTTAATAATAAGACTTCTTACTGCCTGCATGCTGACAGGCACCTTACTAATATCAACCCCAATAGCAATCATCTTCCTTTGGGCACGAGCCACTCTCCCACGATATCGATACGACCTACTCATAGCAATAGCCTGAAAATCTTTTCTCCCAGTAAGATTAATTATTCTATTAGCATCTACCCCACTTATATTCATTATAGGATAATCAAACACAATGCTGGGA"
"58","TIPP14","CACTCATTACATACCTTCTAATCCTATTAGGCGTAGCATTCTTTACCCTCCTTGAACGCAAAGCTTTGGGGTACTTTCAAATCCGAAAAGGTCCAAATAAGGTCGGAATTATGGGGATCCCACAACCATTAGCAGACGCCCTAAAACTTTTTGTGAAAGAGTGAGTAATACCAACATCCTCAAACTACTTACCATTTATTTTAACCCCAACAATCATATTAATTTTAGCACTTAGATTATGGCAGCTATTTCCATCCTTCATATTGTCATTTCAAATAATCCTTGGAATACTACTATTTTTGTGTATTTCCTCTTTAACCGTCTACACAACCTTAATAGCAGGTTGAGCCTCAAACTCAAAATATGCTCTCCTAGGAGCTATTCGAGCTATAGCCCAAACCATTTCATACGAAGTAACGATAACACTAATTATTATCTTCTATCTGTTCTTAGCTATACAAATAGATGTGGTAACAATCCGCTCAATTAATACCTCTATACCTACCTTTACCCTATCCATACCATTAGCTATTATATGGACTGTCGTCATCCTAGCGGAAACAAACCGAGCCCCGTTTGACTTCGCTGAAGGAGAATCAGAACTAGTCTCTGGGTTTAACATTGAGTACGGCGGAGCCGGATTTGCCTTCCTATTCATGGCCGAGTACAGAAACATCTTAATAATAAGACTTCTTACTGCCTGCATGCTGACAGGCACCTTACTAATATCAACCCCAATAGCAATCATCTTCCTTTGGGCACGAGCCACTCTCCCACGATATCGATACGACCTACTCATAGCAATAGCCTGAAAATCTTTTCTCCCAGTAAGATTAATTATTCTATTAGCATCTACCCCACTTATATTCATTATAGGATAATCAAACACAATGCTGGGA"
"59","TIPP15","CACTCATTACATACCTTCTAATCCTATTAGGCGTAGCATTCTTTACCCTCCTTGAACGCAAAGCTTTGGGGTACTTTCAAATCCGAAAAGGTCCAAATAAGGTCGGAATTATGGGGATCCCACAACCATTAGCAGACGCCCTAAAACTTTTTGTGAAAGAGTGAGTAATACCAACATCCTCAAATTACTTACCATTTATTTTAACCCCAACAATCATATTAATTTTAGCACTTAGATTATGGCAGCTATTTCCATCCTTCATATTGTCATTTCAAATAATCCTTGGAATACTACTATTTTTGTGTATTTCCTCTTTAACCGTCTACACAACCTTAATAGCAGGTTGAGCCTCAAACTCAAAATATGCTCTCCTAGGAGCTATTCGAGCTATAGCCCAAACCATTTCATACGAAGTAACGATAACACTAATTATTATCTTCTATCTGTTCTTAGCTATACAAATAGATGTGGTAACAATCCGCTCAATTAATACCTCTATACCTACCTTTACCCTATCCATACCATTAGCTATTATATGGACTGTCGTCATCCTAGCGGAAACAAACCGAGCCCCGTTTGACTTCGCTGAAGGAGAATCAGAACTAGTCTCTGGGTTTAACATTGAGTACGGCGGAGCCGGATTTGCCTTCCTATTCATGGCCGAGTACAGAAACATCTTAATAATAAGACTTCTTACTGCCTGCATGCTGACAGGCACCTTACTAATATCAACCCCAATAGCAATCATCTTCCTTTGGGCACGAGCCACTCTCCCACGATATCGATACGACCTACTCATAGCAATAGCCTGAAAATCTTTTCTCCCAGTAAGATTAATTATTCTATTAGCATCTACCCCACTTATATTCATTATAGGATAATCAAACACAATGCTGGGA"
"60","TIPP16","CACTCATTACATACCTTCTAATCCTATTAGGCGTAGCATTCTTTACCCTCCTTGAACGCAAAGCTTTGGGGTACTTTCAAATCCGAAAAGGTCCAAATAAGGTCGGAATTATGGGGATCCCACAACCATTAGCAGACGCCCTAAAACTTTTTGTGAAAGAGTGAGTAATACCAACATCCTCAAATTACTTACCATTTATTTTAACCCCAACAATCATATTAATTTTAGCACTTAGATTATGGCAGCTATTTCCATCCTTCATATTGTCATTTCAAATAATCCTTGGAATACTACTATTTTTGTGTATTTCCTCTTTAACCGTCTACACAACCTTAATAGCAGGTTGAGCCTCAAACTCAAAATATGCTCTCCTAGGAGCTATTCGAGCTATAGCCCAAACCATTTCATACGAAGTAACGATAACACTAATTATTATCTTCTATCTGTTCTTAGCTATACAAATAGATGTGGTAACAATCCGCTCAATTAATACCTCTATACCTACCTTTACCCTATCCATACCATTAGCTATTATATGGACTGTCGTCATCCTAGCGGAAACAAACCGAGCCCCGTTTGACTTCGCTGAAGGAGAATCAGAACTAGTCTCTGGGTTTAACATTGAGTACGGCGGAGCCGGATTTGCCTTCCTATTCATGGCCGAGTACAGAAACATCTTAATAATAAGACTCCTTACTGCCTGCATGCTGACAGGCACCTTACTAATATCAACCCCAATAGCAATCATCTTCCTTTGGGCACGAGCCACTCTCCCACGATATCGATACGCCCTACTCATAGCAATAGCCTGAAAATCTTTTCTCCCAGTAAGATTAATTATTCTATTAGCATCTACCCCACTTATATTCATTATAGGATAATCAAACACAATGCTGGGA"
"61","TIPP17","CACTCATTACATACCTTCTAATCCTATTAGGCGTAGCATTCTTTACCCTCCTTGAACGCAAAGCTTTGGGGTACTTTCAAATCCGAAAAGGTCCAAATAAGGTCGGAATTATGGGGATCCCACAACCATTAGCAGACGCCCTAAAACTTTTTGTGAAAGAGTGAGTAATACCAACATCCTCAAACTACTTACCATTTATTTTAACCCCAACAATCATATTAATTTTAGCACTTAGATTATGGCAGCTATTTCCATCCTTCATATTGTCATTTCAAATAATCCTTGGAATACTACTATTTTTGTGTATTTCCTCTTTAACCGTCTACACAACCTTAATAGCAGGTTGAGCCTCAAACTCAAAATATGCTCTCCTAGGAGCTATTCGAGCTATAGCCCAAACCATTTCATACGAAGTAACGATAACACTAATTATTATCTTCTATCTGTTCTTAGCTATACAAATAGATGTGGTAACAATCCGCTCAATTAATACCTCTATACCTACCTTTACCCTATCCATACCATTAGCTATTATATGGACTGTCGTCATCCTAGCGGAAACAAACCGAGCCCCGTTTGACTTCGCTGAAGGAGAATCAGAACTAGTCTCTGGGTTTAACATTGAGTACGGCGGAGCCGGATTTGCCTTCCTATTCATGGCCGAGTACAGAAACATCTTAATAATAAGACTTCTTACTGCCTGCATGCTGACAGGCACCTTACTAATATCAACCCCAATAGCAATCATCTTCCTTTGGGCACGAGCCACTCTCCCACGATATCGATACGACCTACTCATAGCAATAGCCTGAAAATCTTTTCTCCCAGTAAGATTAATTATTCTATTAGCATCTACCCCACTTATATTCATTATAGGATAATCAAACACAATGCTGGGA"
"62","TIPP18","CACTCATTACATACCTTCTAATCCTATTAGGCGTAGCATTCTTTACCCTCCTTGAACGCAAAGCTTTGGGGTACTTTCAAATCCGAAAAGGTCCAAATAAGGTCGGAATTATGGGGATCCCACAACCATTAGCAGACGCCCTAAAACTTTTTGTGAAAGAGTGAGTAATACCAACATCCTCAAATTACTTACCATTTATTTTAACCCCAACAATCATATTAATTTTAGCACTTAGATTATGGCAGCTATTTCCATCCTTCATATTGTCATTTCAAATAATCCTTGGAATACTACTATTTTTGTGTATTTCCTCTTTAACCGTCTACACAACCTTAATAGCAGGTTGAGCCTCAAACTCAAAATATGCTCTCCTAGGAGCTATTCGAGCTATAGCCCAAACCATTTCATACGAAGTAACGATAACACTAATTATTATCTTCTATCTGTTCTTAGCTATACAAATAGATGTGGTAACAATCCGCTCAATTAATACCTCTATACCTACCTTTACCCTATCCATACCATTAGCTATTATATGGACTGTCGTCATCCTAGCGGAAACAAACCGAGCCCCGTTTGACTTCGCTGAAGGAGAATCAGAACTAGTCTCTGGGTTTAACATTGAGTACGGCGGAGCCGGATTTGCCTTCCTATTCATGGCCGAGTACAGAAACATCTTAATAATAAGACTTCTTACTGCCTGCATGCTGACAGGCACCTTACTAATATCAACCCCAATAGCAATCATCTTCCTTTGGGCACGAGCCACTCTCCCACGATATCGATACGACCTACTCATAGCAATAGCCTGAAAATCTTTTCTCCCAGTAAGATTAATTATTCTATTAGCATCTACCCCACTTATATTCATTATAGGATAATCAAACACAATGCTGGGA"
"63","TIPP19","CACTCATTACATACCTTCTAATCCTATTAGGCGTAGCATTCTTTACCCTCCTTGAACGCAAAGCTTTGGGGTACTTTCAAATCCGAAAAGGTCCAAATAAGGTCGGAATTATGGGGATCCCACAACCATTAGCAGACGCCCTAAAACTTTTTGTGAAAGAGTGAGTAATACCAACATCCTCAAATTACTTACCATTTATTTTAACCCCAACAATCATATTAATTTTAGCACTTAGATTATGGCAGCTATTTCCATCCTTCATATTGTCATTTCAAATAATCCTTGGAATACTACTATTTTTGTGTATTTCCTCTTTAACCGTCTACACAACCTTAATAGCAGGTTGAGCCTCAAACTCAAAATATGCTCTCCTAGGAGCTATTCGAGCTATAGCCCAAACCATTTCATACGAAGTAACGATAACACTAATTATTATCTTCTACCTGTTCTTAGCTATACAAATAGATGTGGTAACAATCCGCTCAATTAATACCTCTATACCTACCTTTACCCTATCCATACCATTAGCTATTATATGGACTGTCGTCATCCTAGCGGAAACAAACCGAGCCCCGTTTGACTTCGCTGAAGGAGAATCAGAACTAGTCTCTGGGTTTAACATTGAGTACGGCGGAGCCGGATTTGCCTTCCTATTCATGGCCGAGTACAGAAACATCTTAATAATAAGACTTCTTACTGCCTGCATGCTGACAGGCACCTTACTAATATCAACCCCAATAGCAATCATCTTCCTTTGGGCACGAGCCACTCTCCCACGATATCGATACGACCTACTCATAGCAATAGCCTGAAAATCTTTTCTCCCAGTAAGATTAATTATTCTATTAGCATCTACCCCACTTATATTCATTATAGGATAATCAAACACAATGCTGGGA"
"64","TIPP2","CACTCATTACATACCTTCTAATCCTATTAGGCGTAGCATTCTTTACCCTCCTTGAACGCAAAGCTTTGGGGTACTTTCAAATCCGAAAAGGTCCAAATAAGGTCGGAATTATGGGGATCCCACAACCATTAGCAGACGCCCTAAAACTTTTTGTGAAAGAGTGAGTAATACCAACATCCTCAAATTACTTACCATTTATTTTAACCCCAACAATCATATTAATTTTAGCACTTAGATTATGGCAGCTATTTCCATCCTTCATATTGTCATTTCAAATAATCCTTGGAATACTACTATTTTTGTGTATTTCCTCTTTAACCGTCTACACAACCTTAATAGCAGGTTGAGCCTCAAACTCAAAATATGCTCTCCTAGGAGCTATTCGAGCTATAGCCCAAACCATTTCATACGAAGTAACGATAACACTAATTATTATCTTCTATCTGTTCTTAGCTATACAAATAGATGTGGTAACAATCCGCTCAATTAATACCTCTATACCTACCTTTACCCTATCCATACCATTAGCTATTATATGGACTGTCGTCATCCTAGCGGAAACAAACCGAGCCCCGTTTGACTTCGCTGAAGGAGAATCAGAACTAGTCTCTGGGTTTAACATTGAGTACGGCGGAGCCGGATTTGCCTTCCTATTCATGGCCGAGTACAGAAACATCTTAATAATAAGACTTCTTACTGCCTGCATGCTGACAGGCACCTTACTAATATCAACCCCAATAGCAATCATCTTCCTTTGGGCACGAGCCACTCTCCCACGATATCGATACGACCTACTCATAGCAATAGCCTGAAAATCTTTTCTCCCAGTAAGATTAATTATTCTATTAGCATCTACCCCACTTATATTCATTATAGGATAATCAAACAAAATGCTGGGA"
"65","TIPP3","CACTCATTACATACCTTCTAATCCTATTAGGCGTAGCATTCTTTACCCTCCTTGAACGCAAAGCTTTGGGGTACTTTCAAATCCGAAAAGGTCCAAATAAGGTCGGAATTATGGGGATCCCACAACCATTAGCAGACGCCCTAAAACTTTTTGTGAAAGAGTGAGTAATACCAACATCCTCAAACTACTTACCATTTATTTTAACCCCAACAATCATATTAATTTTAGCACTTAGATTATGGCAGCTATTTCCATCCTTCATATTGTCATTTCAAATAATCCTTGGAATACTACTATTTTTGTGTATTTCCTCTTTAACCGTCTACACAACCTTAATAGCAGGTTGAGCCTCAAACTCAAAATATGCTCTCCTAGGAGCTATTCGAGCTATAGCCCAAACCATTTCATACGAAGTAACGATAACACTAATTATTATCTTCTATCTGTTCTTAGCTATACAAATAGATGTGGTAACAATCCGCTCAATTAATACCTCTATACCTACCTTTACCCTATCCATACCATTAGCTATTATATGGACTGTCGTCATCCTAGCGGAAACAAACCGAGCCCCGTTTGACTTCGCTGAAGGAGAATCAGAACTAGTCTCTGGGTTTAACATTGAGTACGGCGGAGCCGGATTTGCCTTCCTATTCATGGCCGAGTACAGAAACATCTTAATAATAAGACTTCTTACTGCCTGCATGCTGACAGGCACCTTACTAATATCAACCCCAATAGCAATCATCTTCCTTTGGGCACGAGCCACTCTCCCACGATATCGATACGACCTACTCATAGCAATAGCCTGAAAATCTTTTCTCCCAGTAAGATTAATTATTCTATTAGCATCTACCCCACTTATATTCATTATAGGATAATCAAACACAATGCTGGGA"
"66","TIPP4","CACTCATTACATACCTTCTAATCCTATTAGGCGTAGCATTCTTTACCCTCCTTGAACGCAAAGCTTTGGGGTACTTTCAAATCCGAAAAGGTCCAAATAAGGTCGGAATTATGGGGATCCCACAACCATTAGCAGACGCCCTAAAACTTTTTGTGAAAGAGTGAGTAATACCAACATCCTCAAATTACTTACCATTTATTTTAACCCCAACAATCATATTAATTTTAGCACTTAGATTATGGCAGCTATTTCCATCCTTCATATTGTCATTTCAAATAATCCTTGGAATACTACTATTTTTGTGTATTTCCTCTTTAACCGTCTACACAACCTTAATAGCAGGTTGAGCCTCAAACTCAAAATATGCTCTCCTAGGAGCTATTCGAGCTATAGCCCAAACCATTTCATACGAAGTAACGATAACACTAATTATTATCTTCTATCTGTTCTTAGCTATACAAATAGATGTGGTAACAATCCGCTCAATTAATACCTCTATACCTACCTTTACCCTATCCATACCATTAGCTATTATATGGACTGTCGTCATCCTAGCGGAAACAAACCGAGCCCCGTTTGACTTCGCTGAAGGAGAATCAGAACTAGTCTCTGGGTTTAACATTGAGTACGGCGGAGCCGGATTTGCCTTCCTATTCATGGCCGAGTACAGAAACATCTTAATAATAAGACTTCTTACTGCCTGCATGCTGACAGGCACCTTACTAATATCAACCCCAATAGCAATCATCTTCCTTTGGGCACGAGCCACTCTCCCACGATATCGATACGACCTACTCATAGCAATAGCCTGAAAATCTTTTCTCCCAGTAAGATTAATTATTCTATTAGCATCTACCCCACTTATATTCATTATAGGATAATCAAACACAATGCTGGGA"
"67","TIPP5","CACTCATTACATACCTTCTAATCCTATTAGGCGTAGCATTCTTTACCCTCCTTGAACGCAAAGCTTTGGGGTACTTTCAAATCCGAAAAGGTCCAAATAAGGTCGGAATTATGGGGATCCCACAACCATTAGCAGACGCCCTAAAACTTTTTGTGAAAGAGTGAGTAATACCAACATCCTCAAATTACTTACCATTTATTTTAACCCCAACAATCATATTAATTTTAGCACTTAGATTATGGCAGCTATTTCCATCCTTCATATTGTCATTTCAAATAATCCTTGGAATACTACTATTTTTGTGTATTTCCTCTTTAACCGTCTACACAACCTTAATAGCAGGTTGAGCCTCAAACTCAAAATATGCTCTCCTAGGAGCTATTCGAGCTATAGCCCAAACCATTTCATACGAAGTAACGATAACACTAATTATTATCTTCTATCTGTTCTTAGCTATACAAATAGATGTGGTAACAATCCGCTCAATTAATACCTCTATACCTACCTTTACCCTATCCATACCATTAGCTATTATATGGACTGTCGTCATCCTAGCGGAAACAAACCGAGCCCCGTTTGACTTCGCTGAAGGAGAATCAGAACTAGTCTCTGGGTTTAACATTGAGTACGGCGGAGCCGGATTTGCCTTCCTATTCATGGCCGAGTACAGAAACATCTTAATAATAAGACTTCTTACTGCCTGCATGCTGACAGGCACCTTACTAATATCAACCCCAATAGCAATCATCTTCCTTTGGGCACGAGCCACTCTCCCACGATATCGATACGACCTACTCATAGCAATAGCCTGAAAATCTTTTCTCCCAGTAAGATTAATTATTCTATTAGCATCTACCCCACTTAAATTCATTATAGGATAATCAAACACAATGCTGGGA"
"68","TIPP6","CACTCATTACATACCTTCTAATCCTATTAGGCGTAGCATTCTTTACCCTCCTTGAACGCAAAGCTTTGGGGTACTTTCAAATCCGAAAAGGTCCAAATAAGGTCGGAATTATGGGGATCCCACAACCATTAGCAGACGCCCTAAAACTTTTTGTGAAAGAGTGAGTAATACCAACATCCTCAAATTACTTACCATTTATTTTAACCCCAACAATCATATTAATTTTAGCACTTAGATTATGGCAGCTATTTCCATCCTTCATATTGTCATTTCAAATAATCCTTGGAATACTACTATTTTTGTGTATTTCCTCTTTAACCGTCTACACAACCTTAATAGCAGGTTGAGCCTCAAACTCAAAATATGCTCTCCTAGGAGCTATTCGAGCTATAGCCCAAACCATTTCATACGAAGTAACGATAACACTAATTATTATCTTCTATCTGTTCTTAGCTATACAAATAGATGTGGTAACAATCCGCTCAATTAATACCTCTATACCTACCTTTACCCTATCCATACCATTAGCTATTATATGGACTGTCGTCATCCTAGCGGAAACAAACCGAGCCCCGTTTGACTTCGCTGAAGGAGAATCAGAACTAGTCTCTGGGTTTAACATTGAGTACGGCGGAGCCGGATTTGCCTTCCTATTCATGGCCGAGTACAGAAACATCTTAATAATAAGACTTCTTACTGCCTGCATGCTGACAGGCACCTTACTAATATCAACCCCAATAGCAATCATCTTCCTTTGGGCACGAGCCACTCTCCCACGATATCGATACGACCTACTCATAGCAATAGCCTGAAAATCTTTTCTCCCAGTAAGATTAATTATTCTATTAGCATCTACCCCACTTATATTCATTATAGGATAATCAAACACAATGCTGGGA"
"69","TIPP7","CACTCATTACATACCTTCTAATCCTATTAGGCGTAGCATTCTTTACCCTCCTTGAACGCAAAGCTTTGGGGTACTTTCAAATCCGAAAAGGTCCAAATAAGGTCGGAATTATGGGGATCCCACAACCATTAGCAGACGCCCTAAAACTTTTTGTGAAAGAGTGAGTAATACCAACATCCTCAAATTACTTACCATTTATTTTAACCCCAACAATCATATTAATTTTAGCACTTAGATTATGGCAGCTATTTCCATCCTTCATATTGTCATTTCAAATAATCCTTGGAATACTACTATTTTTGTGTATTTCCTCTTTAACCGTCTACACAACCTTAATAGCAGGTTGAGCCTCAAACTCAAAATATGCTCTCCTAGGAGCTATTCGAGCTATAGCCCAAACCATTTCATACGAAGTAACGATAACACTAATTATTATCTTCTATCTGTTCTTAGCTATACAAATAGATGTGGTAACAATCCGCTCAATTAATACCTCTATACCTACCTTTACCCTATCCATACCATTAGCTATTATATGGACTGTCGTCATCCTAGCGGAAACAAACCGAGCCCCGTTTGACTTCGCTGAAGGAGAATCAGAACTAGTCTCTGGGTTTAACATTGAGTACGGCGGAGCCGGATTTGCCTTCCTATTCATGGCCGAGTACAGAAACATCTTAATAATAAGACTTCTTACTGCCTGCATGCTGACAGGCACCTTACTAATATCAACCCCAATAGCAATCATCTTCCTTTGGGCACGAGCCACTCTCCCACGATATCGATACGACCTACTCATAGCAATAGCCTGAAAATCTTTTCTCCCAGTAAGATTAATTATTCTATTAGCATCTACCCCACTTATATTCATTATAGGATAATCAAACACAATGCTGGGA"
"70","TIPP8","CACTCATTACATACCTTCTAATCCTATTAGGCGTAGCATTCTTTACCCTCCTTGAACGCAAAGCTTTGGGGTACTTTCAAATCCGAAAAGGTCCAAATAAGGTCGGAATTATGGGGATCCCACAACCATTAGCAGACGCCCTAAAACTTTTTGTGAAAGAGTGAGTAATACCAACATCCTCAAACTACTTACCATTTATTTTAACCCCAACAATCATATTAATTTTAGCACTTAGATTATGGCAGCTATTTCCATCCTTCATATTGTCATTTCAAATAATCCTTGGAATACTACTATTTTTGTGTATTTCCTCTTTAACCGTCTACACAACCTTAATAGCAGGTTGAGCCTCAAACTCAAAATATGCTCTCCTAGGAGCTATTCGAGCTATAGCCCAAACCATTTCATACGAAGTAACGATAACACTAATTATTATCTTCTATCTGTTCTTAGCTATACAAATAGATGTGGTAACAATCCGCTCAATTAATACCTCTATACCTACCTTTACCCTATCCATACCATTAGCTATTATATGGACTGTCGTCATCCTAGCGGAAACAAACCGAGCCCCGTTTGACTTCGCTGAAGGAGAATCAGAACTAGTCTCTGGGTTTAACATTGAGTACGGCGGAGCCGGATTTGCCTTCCTATTCATGGCCGAGTACAGAAACATCTTAATAATAAGACTTCTTACTGCCTGCATGCTGACAGGCACCTTACTAATATCAACCCCAATAGCAATCATCTTCCTTTGGGCACGAGCCACTCTCCCACGATATCGATACGACCTACTCATAGCAATAGCCTGAAAATCTTTTCTCCCAGTAAGATTAATTATTCTATTAGCATCTACCCCACTTATATTCATTATAGGATAATCAAACACAATGCTGGGA"
"71","TIPP9","CACTCATTACATACCTTCTAATCCTATTAGGCGTAGCATTCTTTACCCTCCTTGAACGCAAAGCTTTGGGGTACTTTCAAATCCGAAAAGGTCCAAATAAGGTCGGAATTATGGGGATCCCACAACCATTAGCAGACGCCCTAAAACTTTTTGTGAAAGAGTGAGTAATACCAACATCCTCAAATTACTTACCATTTATTTTAACCCCAACAATCATATTAATTTTAGCACTTAGATTATGGCAGCTATTTCCATCCTTCATATTGTCATTTCAAATAATCCTTGGAATACTACTATTTTTGTGTATTTCCTCTTTAACCGTCTACACAACCTTAATAGCAGGTTGAGCCTCAAACTCAAAATATGCTCTCCTAGGAGCTATTCGAGCTATAGCCCAAACCATTTCATACGAAGTAACGATAACACTAATTATTATCTTCTATCTGTTCTTAGCTATACAAATAGATGTGGTAACAATCCGCTCAATTAATACCTCTATACCTACCTTTACCCTATCCATACCATTAGCTATTATATGGACTGTCGTCATCCTAGCGGAAACAAACCGAGCCCCGTTTGACTTCGCTGAAGGAGAATCAGAACTAGTCTCTGGGTTTAACATTGAGTACGGCGGAGCCGGATTTGCCTTCCTATTCATGGCCGAGTACAGAAACATCTTAATAATAAGACTTCTTACTGCCTGCATGCTGACAGGCACCTTACTAATATCAACCCCAATAGCAATCATCTTCCTTTGGGCACGAGCCACTCTCCCACGATATCGATACGACCTACTCATAGCAATAGCCTGAAAATCTTTTCTCCCAGTAAGATTAATTATTCTATTAGCATCTACCCCACTTAAATTCATTATAGGATAATCAAACACAATGCTGGGA"
"72","TN1","CACTCATTACATACCTTCTAATCCTATTAGGCGTAGCATTCTTTACCCTCCTTGAACGCAAAGCTTTGGGGTACTTTCAAATCCGAAAAGGTCCAAATAAGGTCGGAATTATGGGGATCCCACAACCATTAGCAGACGCCCTAAAACTTTTTGTGAAAGAGTGAGTAATACCAACATCCTCAAATTACTTACCATTTATTTTAACCCCAACAATCATATTAATTTTAGCACTTAGATTATGGCAGCTATTTCCATCCTTCATATTGTCATTTCAAATAATCCTTGGAATACTACTATTTTTGTGTATTTCCTCTTTAACCGTCTACACAACCTTAATAGCAGGTTGAGCCTCAAACTCAAAATATGCTCTCCTAGGAGCTATTCGAGCTATAGCCCAAACCATTTCATACGAAGTAACGATAACACTAATTATTATCTTCTATCTGTTCTTAGCTATACAAATAGATGTGGTAACAATCCGCTCAATTAATACCTCTATACCTACCTTTACCCTATCCATACCATTAGCTATTATATGGACTGTCGTCATCCTAGCGGAAACAAACCGAGCCCCGTTTGACTTCGCTGAAGGAGAATCAGAACTAGTCTCTGGATTTAACATTGAGTACGGCGGAGCCGGATTTGCCTTCCTATTCATGGCCGAGTACAGAAACATCTTAATAATAAGACTTCTTACTGCCTGCATGCTGACAGGCACCTTACTAATATCAACCCCAATAGCAATCATCTTCCTTTGGGCACGAGCCACTCTCCCACGATATCGATACGACCTACTCATAGCAATAGCCTGAAAATCTTTTCTCCCAGTAAGATTAATTATTCTATTAGCATCTACCCCACTTATATTCATTATAGGATAACCAAACACAATGCTGGGA"
"73","TN2","CACTCATTACATACCTTCTAATCCTATTAGGCGTAGCATTCTTTACCCTCCTTGAACGCAAAGCTTTGGGGTACTTTCAAATCCGAAAAGGTCCAAATAAGGTCGGAATTATGGGGATCCCACAACCATTAGCAGACGCCCTAAAACTTTTTGTGAAAGAGTGAGTAATACCAACATCCTCAAATTACTTACCATTTATTTTAACCCCAACAATCATATTAATTTTAGCACTTAGATTATGGCAGCTATTTCCATCCTTCATATTGTCATTTCAAATAATCCTTGGAATACTACTATTTTTGTGTATTTCCTCTTTAACCGTCTACACAACCTTAATAGCAGGTTGAGCCTCAAACTCAAAATATGCTCTCCTAGGAGCTATTCGAGCTATAGCCCAAACCATTTCATACGAAGTAACGATAACACTAATTATTATCTTCTATCTGTTCTTAGCTATACAAATAGATGTGGTAACAATCCGCTCAATTAATACCTCTATGCCTACCTTTACCCTATCCATACCATTAGCTATTATATGGACTGTCGTCATCCTAGCGGAAACAAACCGAGCCCCGTTTGACTTCGCTGAAGGAGAATCAGAACTAGTCTCTGGATTTAACATTGAGTACGGCGGAGCCGGATTTGCCTTCCTATTCATGGCCGAGTACAGAAACATCTTAATAATAAGACTTCTTACTGCCTGCATGCTGACAGGCACCTTACTAATATCAACCCCAATAGCAATCATCTTCCTTTGGGCACGAGCCACTCTCCCACGATATCGATACGACCTACTCATAGCAATAGCCTGAAAATCTTTTCTCCCAGTAAGATTAATTATTCTATTAGCATCTACCCCACTTATATTCATTATAGGATAATCAAACACAATGCTGGGA"
"74","TN3","CACTCATTACATACCTTCTAATCCTATTAGGCGTAGCATTCTTTACCCTCCTTGAACGCAAAGCTTTGGGGTACTTTCAAATCCGAAAAGGTCCAAATAAGGTCGGAATTATGGGGATCCCACAACCATTAGCAGACGCCCTAAAACTTTTTGTGAAAGAGTGAGTAATACCAACATCCTCAAATTACTTACCATTTATTTTAACCCCAACAATCATATTAATTTTAGCACTTAGATTATGGCAGCTATTTCCATCCTTCATATTGTCATTTCAAATAATCCTTGGAATACTACTATTTTTGTGTATTTCCTCTTTAACCGTCTACACAACCTTAATAGCAGGTTGAGCCTCAAACTCAAAATATGCTCTCCTAGGAGCTATTCGAGCTATAGCCCAAACCATTTCATACGAAGTAACGATAACACTAATTATTATCTTCTATCTGTTCTTAGCTATACAAATAGATGTGGTAACAATCCGCTCAATTAATACCTCTATGCCTACCTTTACCCTATCCATACCATTAGCTATTATATGGACTGTCGTCATCCTAGCGGAAACAAACCGAGCCCCGTTTGACTTCGCTGAAGGAGAATCAGAACTAGTCTCTGGATTTAACATTGAGTACGGCGGAGCCGGATTTGCCTTCCTATTCATGGCCGAGTACAGAAACATCTTAATAATAAGACTTCTTACTGCCTGCATGCTGACAGGCACCTTACTAATATCAACCCCAATAGCAATCATCTTCCTTTGGGCACGAGCCACTCTCCCACGATATCGATACGACCTACTCATAGCAATAGCCTGAAAATCTTTTCTCCCAGTAAGATTAATTATTCTATTAGCATCTACCCCACTTATATTCATTATAGGATAATCAAACACAATGCTGGGA"
"75","TN4","CACTCATTACATACCTTCTAATCCTATTAGGCGTAGCATTCTTTACCCTCCTTGAACGCAAAGCTTTAGGGTACTTTCAAATCCGAAAAGGTCCAAATAAGGTCGGAATTATGGGGATCCCACAACCATTAGCAGACGCCCTAAAACTTTTTGTGAAAGAGTGAGTAATACCAACATCCTCAAACTACTTACCATTTATTTTAACCCCAACAATCATATTAATTTTAGCACTTAGATTATGGCAGCTATTTCCATCCTTCATATTGTCATTTCAAATAATCCTTGGAATACTACTATTTTTGTGTATTTCCTCTTTAACCGTCTACACAACCTTAATAGCAGGTTGAGCCTCAAACTCAAAATATGCTCTCCTAGGAGCTATTCGAGCTATAGCCCAAACCATTTCATACGAAGTAACGATAACACTAATTATTATCTTCTATCTGTTCTTAGCTATACAAATAGATGTGGTAACAATCCGCTCAATTAATACCTCTATGCCTACCTTTACCCTATCCATACCATTAGCTATTATATGGACTGTCGTCATCCTAGCGGAAACAAACCGAGCCCCGTTTGACTTCGCTGAAGGAGAATCAGAACTAGTCTCTGGGTTTAACATTGAGTACGGCGGAGCCGGATTTGCCTTCCTATTCATGGCCGAGTACAGAAACATCTTAATAATAAGACTTCTTACTGCCTGCATGCTGACAGGCACCTTACTAATATCAACCCCAATAGCAATCATCTTCCTTTGGGCACGAGCCACTCTCCCACGATATCGATACGACCTACTCATAGCAATAGCCTGAAAATCTTTTCTCCCAGTAAGATTAATTATTCTATTAGCATCTACCCCACTTATATTCATTATAGGATAATCAAACACAATGCTGGGA"
"76","TN5","CACTCATTACATACCTTCTAATCCTATTAGGCGTAGCATTCTTTACCCTCCTTGAACGCAAAGCTTTGGGGTACTTTCAAATCCGAAAAGGTCCAAATAAGGTCGGAATTATGGGGATCCCACAACCATTAGCAGACGCCCTAAAACTTTTTGTGAAAGAGTGAGTAATACCAACATCCTCAAACTACTTACCATTTATTTTAACCCCAACAATCATATTAATTTTAGCACTTAGATTATGGCAGCTATTTCCATCCTTCATATTGTCATTTCAAATAATCCTTGGAATACTACTATTTTTGTGTATTTCCTCTTTAACCGTCTACACAACCTTAATAGCAGGTTGAGCCTCAAACTCAAAATATGCTCTCCTAGGAGCTATTCGAGCTATAGCCCAAACCATTTCATACGAAGTAACGATAACACTAATTATTATCTTCTATCTGTTCTTAGCTATACAAATAGATGTGGTAACAATCCGCTCAATTAATACCTCTATGCCTACCTTTACCCTATCCATACCATTAGCTATTATATGGACTGTCGTCATCCTAGCGGAAACAAACCGAGCCCCGTTTGACTTCGCTGAAGGAGAATCAGAACTAGTCTCTGGGTTTAACATTGAGTACGGCGGAGCCGGATTTGCCTTCCTATTCATGGCCGAGTACAGAAACATCTTAATAATAAGACTTCTTACTGCCTGCATGCTGACAGGCACCTTACTAATATCAACCCCAATAGCAATCATCTTCCTTTGGGCACGAGCCACTCTCCCACGATATCGATACGACCTACTCATAGCAATAGCCTGAAAATCTTTTCTCCCAGTAAGATTAATTATTCTATTAGCATCTACCCCACTTATATTCATTATAGGATAATCAAACACAATGCTGGGA"
"77","TN6","CACTCATTACATACCTTCTAATCCTATTAGGCGTAGCATTCTTTACCCTCCTTGAACGCAAAGCTTTGGGGTACTTTCAAATCCGAAAAGGTCCAAATAAGGTCGGAATTATGGGGATCCCACAACCATTAGCAGACGCCCTAAAACTTTTTGTGAAAGAGTGAGTAATACCAACATCCTCAAATTACTTACCATTTATTTTAACCCCAACAATCATATTAATTTTAGCACTTAGATTATGGCAGCTATTTCCATCCTTCATATTGTCATTTCAAATAATCCTTGGAATACTACTATTTTTGTGTATTTCCTCTTTAACCGTCTACACAACCTTAATAGCAGGTTGAGCCTCAAACTCAAAATATGCTCTCCTAGGAGCTATTCGAGCTATAGCCCAAACCATTTCATACGAAGTAACGATAACACTAATTATTATCTTCTATCTGTTCTTAGCTATACAAATAGATGTGGTAACAATCCGCTCAATTAATACCTCTATACCTACCTTTACCCTATCCATACCATTAGCTATTATATGGACTGTCGTCATCCTAGCGGAAACAAACCGAGCCCCGTTTGACTTCGCTGAAGGAGAATCAGAACTAGTCTCTGGATTTAACATTGAGTACGGCGGAGCCGGATTTGCCTTCCTATTCATGGCCGAGTACAGAAACATCTTAATAATAAGACTTCTTACTGCCTGCATGCTGACAGGCACCTTACTAATATCAACCCCAATAGCAATCATCTTCCTTTGGGCACGAGCCACTCTCCCACGATATCGATACGACCTACTCATAGCAATAGCCTGAAAATCTTTTCTCCCAGTAAGATTAATTATTCTATTAGCATCTACCCCACTTATATTCATTATAGGATAATCAAACACAATGCTGGGA"
"78","TN7","CACTCATTACATACCTTCTAATCCTATTAGGCGTAGCATTCTTTACCCTCCTTGAACGCAAAGCTTTGGGGTACTTTCAAATCCGAAAAGGTCCAAATAAGGTCGGAATTATGGGGATCCCACAACCATTAGCAGACGCCCTAAAACTTTTTGTGAAAGAGTGAGTAATACCAACATCCTCAAATTACTTACCATTTATTTTAACCCCAACAATCATATTAATTTTAGCACTTAGATTATGGCAGCTATTTCCATCCTTCATATTGTCATTTCAAATAATCCTTGGAATACTACTATTTTTGTGTATTTCCTCTTTAACCGTCTACACAACCTTAATAGCAGGTTGAGCCTCAAACTCAAAATATGCTCTCCTAGGAGCTATTCGAGCTATAGCCCAAACCATTTCATACGAAGTAACGATAACACTAATTATTATCTTCTATCTGTTCTTAGCTATACAAATAGATGTGGTAACAATCCGCTCAATTAATACCTCTATACCTACCTTTACCCTATCCATACCATTAGCTATTATATGGACTGTCGTCATCCTAGCGGAAACAAACCGAGCCCCGTTTGACTTCGCTGAAGGAGAATCAGAACTAGTCTCTGGATTTAACATTGAGTACGGCGGAGCCGGATTTGCCTTCCTATTCATGGCCGAGTACAGAAACATCTTAATAATAAGACTTCTTACTGCCTGCATGCTGACAGGCACCTTACTAATATCAACCCCAATAGCAATCATCTTCCTTTGGGCACGAGCCACTCTCCCACGATATCGATACGACCTACTCATAGCAATAGCCTGAAAATCTTTTCTCCCAGTAAGATTAATTATTCTATTAGCATCTACCCCACTTATATTCATTATAGGATAATCAAACACAATGCTGGGA"
"79","TN8","CACTCATTACATACCTTCTAATCCTATTAGGCGTAGCATTCTTTACCCTCCTTGAACGCAAAGCTTTGGGGTACTTTCAAATCCGAAAAGGTCCAAATAAGGTCGGAATTATGGGGATCCCACAACCATTAGCAGACGCCCTAAAACTTTTTGTGAAAGAGTGAGTAATACCAACATCCTCAAATTACTTACCATTTATTTTAACCCCAACAATCATATTAATTTTAGCACTTAGATTATGGCAGCTATTTCCATCCTTCATATTGTCATTTCAAATAATCCTTGGAATACTACTATTTTTGTGTATTTCCTCTTTAACCGTCTACACAACCTTAATAGCAGGTTGAGCCTCAAACTCAAAATATGCTCTCCTAGGAGCTATTCGAGCTATAGCCCAAACCATTTCATACGAAGTAACGATAACACTAATTATTATCTTCTATCTGTTCTTAGCTATACAAATAGATGTGGTAACAATCCGCTCAATTAATACCTCTATACCTACCTTTACCCTATCCATACCATTAGCTATTATATGGACTGTCGTCATCCTAGCGGAAACAAACCGAGCCCCGTTTGACTTCGCTGAAGGAGAATCAGAACTAGTCTCTGGGTTTAACATTGAGTACGGCGGAGCCGGATTTGCCTTCCTATTCATGGCCGAGTACAGAAACATCTTAATAATAAGACTTCTTACTGCCTGCATGCTGACAGGCACCTTACTAATATCAACCCCAATAGCAATCATCTTCCTTTGGGCACGAGCCACTCTCCCACGATATCGATACGACCTACTCATAGCAATAGCCTGAAAATCTTTTCTCCCAGTAAGATTAATTATTCTATTAGCATCTACCCCACTTATATTCATTATAGGATAATCAAACACAATGCTGGGA"
"80","WI1","CACTCATTACATACCTTCTAATCCTATTAGGCGTAGCATTCTTTACCCTCCTTGAACGCAAAGCTTTGGGGTACTTTCAAATCCGAAAAGGTCCAAATAAGGTCGGAATTATAGGGATCCCACAACCATTAGCAGACGCCCTAAAACTTTTTGTGAAAGAGTGAGTAATACCAACATCCTCAAATTACTTACCATTTATTTTAACCCCAACAATCATATTAACTTTAGCACTTAGATTATGGCAGCTATTTCCATCCTTCATACTGTCATTTCAAATAATCCTTGGAATACTACTATTTTTGTGTATTTCCTCTTTAACCGTCTACACAACCTTAATAGCAGGTTGAGCCTCAAACTCAAAATATGCTCTCCTAGGAGCTATTCGAGCTATAGCCCAAACCATTTCATACGAAGTAACGATAACACTAATTATTATCTTCTATCTGTTCTTAGCTATACAAATAGATGTGGTAACAATCCGCTCAATTAATACCTCTATGCCTACCTTTACCCTATCCATACCATTAGCTATTATATGGACTGTCGTCATCCTAGCGGAAACAAACCGAGCCCCGTTTGACTTCGCTGAAGGAGAATCAGAACTAGTCTCTGGGTTTAACATTGAGTACGGCGGAGCCGGATTTGCCTTCCTATTCATGGCCGAGTACAGAAACATCTTAATAATAAGACTTCTTACTGCCTGCATGCTGACAGGCACCTTACTAATATCAACCCCAATAGCAATCATCTTCCTTTGGGCACGAGCCACTCTCCCACGATATCGATACGACCTACTCATAGCAATAGCCTGAAAATCTTTTCTCCCAGTAAGATTAATTATTCTATTAGCATCTACCCCACTTATATTCATTATAGGATAATCAAACACAATGCTGGGA"
"81","WI2","CACTCATTACATACCTTCTAATCCTATTAGGCGTAGCATTCTTTACCCTCCTTGAACGCAAAGCTTTGGGGTACTTTCAAATCCGAAAAGGTCCAAATAAGGTCGGAATTATGGGGATCCCACAACCATTAGCAGACGCCCTAAAACTTTTTGTGAAAGAGTGAGTAATACCAACATCCTCAAATTACTTACCATTTATTTTAACCCCAACAATCATATTAATTTTAGCACTTAGATTATGGCAGCTATTTCCATCCTTCATATTGTCATTTCAAATAATCCTTGGAATACTACTATTTTTGTGTATTTCCTCTTTAACCGTCTACACAACCTTAATAGCAGGTTGAGCCTCAAACTCAAAATATGCTCTCCTAGGAGCTATTCGAGCTATAGCCCAAACCATTTCATACGAAGTAACGATAACACTAATTATTATCTTCTATCTGTTCTTAGCTATACAAATAGATGTGGTAACAATCCGCTCAATTAATACCTCTATACCTACCTTTACCCTATCCATACCATTAGCTATTATATGGACTGTCGTCATCCTAGCGGAAACAAACCGAGCCCCGTTTGACTTCGCTGAAGGAGAATCAGAACTAGTCTCTGGGTTTAACATTGAGTACGGCGGAGCCGGATTTGCCTTCCTATTCATGGCCGAGTACAGAAACATCTTAATAATAAGACTTCTTACTGCCTGCATGCTGACAGGCACCTTACTAATATCAACCCCAATAGCAATCATCTTCCTTTGGGCACGAGCCACTCTCCCACGATATCGATACGACCTACTCATAGCAATAGCCTGAAAATCTTTTCTCCCAGTAAGATTAATTATTCTATTAGCATCTACCCCACTTATATTCATTATAGGATAATCAAACACAATGCTGGGA"
"82","WI3","CACTCATTACATACCTTCTAATCCTATTAGGCGTAGCATTCTTTACCCTCCTTGAACGCAAAGCTTTGGGGTACTTTCAAATCCGAAAAGGTCCAAATAAGGTCGGAATTATAGGGATCCCACAACCATTAGCAGACGCCCTAAAACTTTTTGTGAAAGAGTGAGTAATACCAACATCCTCAAATTACTTACCATTTATTTTAACCCCAACAATCATATTAACTTTAGCACTTAGATTATGGCAGCTATTTCCATCCTTCATACTGTCATTTCAAATAATCCTTGGAATACTACTATTTTTGTGTATTTCCTCTTTAACCGTCTACACAACCTTAATAGCAGGTTGAGCCTCAAACTCAAAATATGCTCTCCTAGGAGCTATTCGAGCTATAGCCCAAACCATTTCATACGAAGTAACGATAACACTAATTATTATCTTCTATCTGTTCTTAGCTATACAAATAGATGTGGTAACAATCCGCTCAATTAATACCTCTATGCCTACCTTTACCCTATCCATACCATTAGCTATTATATGGACTGTCGTCATCCTAGCGGAAACAAACCGAGCCCCGTTTGACTTCGCTGAAGGAGAATCAGAACTAGTCTCTGGGTTTAACATTGAGTACGGCGGAGCCGGATTTGCCTTCCTATTCATGGCCGAGTACAGAAACATCTTAATAATAAGACTTCTTACTGCCTGCATGCTGACAGGCACCTTACTAATATCAACCCCAATAGCAATCATCTTCCTTTGGGCACGAGCCACTCTCCCACGATATCGATACGACCTACTCATAGCAATAGCCTGAAAATCTTTTCTCCCAGTAAGATTAATTATTCTATTAGCATCTACCCCACTTATATTCATTATAGGATAATCAAACACAATGCTGGGA"
"83","WI4","CACTCATTACATACCTTCTAATCCTATTAGGCGTAGCATTCTTTACCCTCCTTGAACGCAAAGCTTTGGGGTACTTTCAAATCCGAAAAGGTCCAAATAAGGTCGGAATTATGGGGATCCCACAACCATTAGCAGACGCCCTAAAACTTTTTGTGAAAGAGTGAGTAATACCAACATCCTCAAATTACTTACCATTTATTTTAACCCCAACAATCATATTAATTTTAGCACTTAGATTATGGCAGCTATTTCCATCCTTCATATTGTCATTTCAAATAATCCTTGGAATACTACTATTTTTGTGTATTTCCTCTTTAACCGTCTACACAACCTTAATAGCAGGTTGAGCCTCAAACTCAAAATATGCTCTCCTAGGAGCTATTCGAGCTATAGCCCAAACCATTTCATACGAAGTAACGATAACACTAATTATTATCTTCTATCTGTTCTTAGCTATACAAATAGATGTGGTAACAATCCGCTCAATTAATACCTCTATACCTACCTTTACCCTATCCATACCATTAGCTATTATATGGACTGTCGTCATCCTAGCGGAAACAAACCGAGCCCCGTTTGACTTCGCTGAAGGAGAATCAGAACTAGTCTCTGGGTTTAACATTGAGTACGGCGGAGCCGGATTTGCCTTCCTATTCATGGCCGAGTACAGAAACATCTTAATAATAAGACTTCTTACTGCCTGCATGCTGACAGGCACCTTACTAATATCAACCCCAATAGCAATCATCTTCCTTTGGGCACGAGCCACTCTCCCACGATATCGATACGACCTACTCATAGCAATAGCCTGAAAATCTTTTCTCCCAGTAAGATTAATTATTCTATTAGCATCTACCCCACTTATATTCATTATAGGATAATCAAACACAATGCTGGGA"
"84","WI5","CACTCATTACATACCTTCTAATCCTATTAGGCGTAGCATTCTTTACCCTCCTTGAACGCAAAGCTTTGGGGTACTTTCAAATCCGAAAAGGTCCAAATAAGGTCGGAATTATAGGGATCCCACAACCATTAGCAGACGCCCTAAAACTTTTTGTGAAAGAGTGAGTAATACCAACATCCTCAAATTACTTACCATTTATTTTAACCCCAACAATCATATTAACTTTAGCACTTAGATTATGGCAGCTATTTCCATCCTTCATACTGTCATTTCAAATAATCCTTGGAATACTACTATTTTTGTGTATTTCCTCTTTAACCGTCTACACAACCTTAATAGCAGGTTGAGCCTCAAACTCAAAATATGCTCTCCTAGGAGCTATTCGAGCTATAGCCCAAACCATTTCATACGAAGTAACGATAACACTAATTATTATCTTCTATCTGTTCTTAGCTATACAAATAGATGTGGTAACAATCCGCTCAATTAATACCTCTATGCCTACCTTTACCCTATCCATACCATTAGCTATTATATGGACTGTCGTCATCCTAGCGGAAACAAACCGAGCCCCGTTTGACTTCGCTGAAGGAGAATCAGAACTAGTCTCTGGGTTTAACATTGAGTACGGCGGAGCCGGATTTGCCTTCCTATTCATGGCCGAGTACAGAAACATCTTAATAATAAGACTTCTTACTGGCTGCATGCTGACAGGCACCTTACTAATATCAACCCCAATAGCAATCATCTTTCTTTGGGCACGAGCCACTCTCCCACGATATCGATACGACCTACTCATAGCAATAGCCTGAAAATCTTTTCTCCCAGTAAGATTAATTATTCTATTAGCATCTACCCCCCTTATATTCATTATAGGATAATCAAACACAATGCTGGGA"
"85","WV1","CACTCATCACATACCTTCTAATCCTATTAGGCGTAGCATTCTTTACCCTCCTTGAACGCAAAGCTTTGGGGTACTTTCAAATCCGAAAAGGTCCAAATAAGGTCGGAATTATGGGGATCCCACAACCATTAGCAGACGCCCTAAAACTTTTTGTGAAAGAGTGAGTAATACCAACATCCTCAAATTACTTACCATTTATTTTAACCCCAACAATCATATTAATTTTAGCACTTAGATTATGGCAGCTATTTCCATCCTTCATATTGTCATTTCAAATAATCCTTGGAATACTACTATTTTTGTGTATTTCCTCTTTAACCGTCTACACAACCTTAATAGCAGGTTGAGCCTCAAACTCAAAATATGCTCTCCTAGGAGCTATTCGAGCTATAGCCCAAACCATTTCATACGAAGTAACGATAACACTAATTATTATCTTCTATCTGTTCTTAGCTATACAAATAGATGTGGTAACAATCCGCTCAATTAATACCTCTATACCTACCTTTACCCTATCCATACCATTAGCTATTATATGGACTGTCGTCATCCTAGCGGAAACAAACCGAGCCCCGTTTGACTTCGCTGAAGGAGAATCAGAACTAGTCTCTGGGTTTAACATTGAGTACGGCGGAGCCGGATTTGCCTTCCTATTCATGGCCGAGTACAGAAACATCTTAATAATAAGACTTCTTACTGCCTGCATGCTGACAGGCACCTTACTAATATCAACCCCAATAGCAATCATCTTCCTTTGGGCACGAGCCACTCTCCCACGATATCGATACGACCTACTCATAGCAATAGCCTGAAAATCTTTTCTCCCAGTAAGATTAATTATTCTATTAGCATCTACCCCACTTATATTCATTATAGGATAATCAAACACAATGCTGGGA"
