1,85,
,mtdna_edited,Chip1 to MISS2
Sample,,Sequence
Chip1,,CACTCATTACATACCTTCTAATCCTATTAGGCGTAGCATTCTTTACCCTCCTTGAACGCAAAGCTTTGGGGTACTTTCAAATCCGAAAAGGTCCAAATAAGGTCGGAATTATAGGGATCCCACAACCATTAGCAGACGCCCTAAAACTTTTTGTGAAAGAGTGAGTAATACCAACATCCTCAAATTACTTACCATTTATTTTAACCCCAACAATCATATTAATTTTAGCACTTAGATTATGGCAGCTATTTCCATCCTTCATACTGTCATTTCAAATAATCCTTGGAATACTACTATTTTTGTGTATTTCCTCTTTAACCGTCTACACAACCTTAATAGCAGGTTGAGCCTCAAACTCAAAATATGCTCTCCTAGGAGCTATTCGAGCTATAGCCCAAACCATTTCATACGAAGTAACGATAACACTAATTATTATCTTCTATCTGTTCTTAGCTATACAAATAGATGTGGTAACAATCCGCTCAATTAATACCTCTATGCCTACCTTTACCCTATCCATACCATTAGCTATTATATGGACTGTCGTCATCCTAGCGGAAACAAACCGAGCCCCGTTTGACTTCGCTGAAGGAGAATCAGAACTAGTCTCTGGGTTTAACATTGAGTACGGCGGAGCCGGATTTGCCTTCCTATTCATGGCCGAGTACAGAAACATCTTAATAATAAGACTTCTTACTGCCTGCATGCTGACAGGCACCTTACTAATATCAACCCCAATAGCAATCATCTTCCTTTGGGCACGAGCCACTCTCCCACGATATCGATACGACCTACTCATAGCAATAGCCTGAAAATCTTTTCTCCCAGTAAGATTAATTATTCTATTAGCATCTACCCAACTTATATTCATTATAGGATAATCAAACACAATGCTGGGA
Chip2,,CACTCATTACATACCTTCTAATCCTATTAGGCGTAGCATTCTTTACCCTCCTTGAACGCAAAGCTTTGGGGTACTTTCAAATCCGAAAAGGTCCAAATAAGGTCGGAATTATGGGGATCCCACAACCATTAGCAGACGCCCTAAAACTTTTTGTGAAAGAGTGAGTAATACCAACATCCTCAAATTACTTACCATTTATTTTAACCCCAACAATCATATTAATTTTAGCACTTAGATTATGGCAGCTATTTCCATCCTTCATATTGTCATTTCAAATAATCCTTGGAATACTACTATTTTTGTGTATTTCCTCTTTAACCGTCTACACAACCTTAATAGCAGGTTGAGCCTCAAACTCAAAATATGCTCTCCTAGGAGCTATTCGAGCTATAGCCCAAACCATTTCATACGAAGTAACGATAACACTAATTATTATCTTCTATCTGTTCTTAGCTATACAAATAGATGTGGTAACAATCCGCTCAATTAATACCTCTATGCCTACCTTTACCCTATCCATACCATTAGCTATTATATGGACTGTCGTCATCCTAGCGGAAACAAACCGAGCCCCGTTTGACTTCGCTGAAGGAGAATCAGAACTAGTCTCTGGGTTTAACATTGAGTACGGCGGAGCCGGATTTGCCTTCCTATTCATGGCCGAGTACAGAAACATCTTAATAATAAGACTTCTTACTGCCTGCATGCTGACAGGCACCTTACTAATATCAACCCCAATAGCAATCATCTTCCTTTGGGCACGAGCCACTCTCCCACGATATCGATACGACCTACTCATAGCAATAGCCTGAAAATCTTTTCTCCCAGTAAGATTAATTATTCTATTAGCATCTACCCCACTTATATTCATTATAGGATAATCAAACACAATGCTGGGA
Chip3,,CACTCATTACATACCTTCTAATCCTATTAGGCGTAGCATTCTTTACCCTCCTTGAACGCAAAGCTTTGGGGTACTTTCAAATCCGAAAAGGTCCAAATAAGGTCGGAATTATAGGGATCCCACAACCATTAGCAGACGCCCTAAAACTTTTTGTGAAAGAGTGAGTAATACCAACATCCTCAAATTACTTACCATTTATTTTAACCCCAACAATCATATTAATTTTAGCACTTAGATTATGGCAGCTATTTCCATCCTTCATACTGTCATTTCAAATAATCCTTGGAATACTACTATTTTTGTGTATTTCCTCTTTAACCGTCTACACAACCTTAATAGCAGGTTGAGCCTCAAACTCAAAATATGCTCTCCTAGGAGCTATTCGAGCTATAGCCCAAACCATTTCATACGAAGTAACGATAACACTAATTATTATCTTCTATCTGTTCTTAGCTATACAAATAGATGTGGTAACAATCCGCTCAATTAATACCTCTATGCCTACCTTTACCCTATCCATACCATTAGCTATTATATGGACTGTCGTCATCCTAGCGGAAACAAACCGAGCCCCGTTTGACTTCGCTGAAGGAGAATCAGAACTAGTCTCTGGGTTTAACATTGAGTACGGCGGAGCCGGATTTGCCTTCCTATTCATGGCCGAGTACAGAAACATCTTAATAATAAGACTTCTTACTGCCTGCATGCTGACAGGCACCTTACTAATATCAACCCCAATAGCAATCATCTTCCTTTGGGCACGAGCCACTCTCCCACGATATCGATACGACCTACTCATAGCAATAGCCTGAAAATCTTTTCTCCCAGTAAGATTAATCATTCTATTAGCATCTACCCAACTTATATTCATTATAGGATAATCAAACACAATGCTGGGA
Chip4,,CACTCATTACATACCTTCTAATCCTATTAGGCGTAGCATTCTTTACCCTCCTTGAACGCAAAGCTTTGGGGTACTTTCAAATCCGAAAAGGTCCAAATAAGGTCGGAATTATGGGGATCCCACAACCATTAGCAGACGCCCTAAAACTTTTTGTGAAAGAGTGAGTAATACCAACATCCTCAAATTACTTACCATTTATTTTAACCCCAACAATCATATTAATTTTAGCACTTAGATTATGGCAGCTATTTCCATCCTTCATATTGTCATTTCAAATAATCCTTGGAATACTACTATTTTTGTGTATTTCCTCTTTAACCGTCTACACAACCTTAATAGCAGGTTGAGCCTCAAACTCAAAATATGCTCTCCTAGGAGCTATTCGAGCTATAGCCCAAACCATTTCATACGAAGTAACGATAACACTAATTATTATCTTCTATCTGTTCTTAGCTATACAAATAGATGTGGTAACAATCCGCTCAATTAATACCTCTATACCTACCTTTACCCTATCCATACCATTAGCTATTATATGGACTGTCGTCATCCTAGCGGAAACAAACCGAGCCCCGTTTGACTTCGCTGAAGGAGAATCAGAACTAGTCTCTGGGTTTAACATTGAGTACGGCGGAGCCGGATTTGCCTTCCTATTCATGGCCGAGTACAGAAACATCTTAATAATAAGACTTCTTACTGCCTGCATGCTGACAGGCACCTTACTAATATCAACCCCAATAGCAATCATCTTCCTTTGGGCACGAGCCACTCTCCCACGATATCGATACGACCTACTCATAGCAATAGCCTGAAAATCTTTTCTCCCAGTAAGATTAATTATTCTATTAGCATCTACCCCACTTATATTCATTATAGGATAATCAAACACAATGCTGGGA
Chip6,,CACTCATTACATACCTTCTAATCCTATTAGGCGTAGCATTCTTTACCCTCCTTGAACGCAAAGCTTTGGGGTACTTTCAAATCCGAAAAGGTCCAAATAAGGTCGGAATTATGGGGATCCCACAACCATTAGCAGACGCCCTAAAACTTTTTGTGAAAGAGTGAGTAATACCAACATCCTCAAATTACTTACCATTTATTTTAACCCCAACAATCATATTAATTTTAGCACTTAGATTATGGCAGCTATTTCCATCCTTCATATTGTCATTTCAAATAATCCTTGGAATACTACTATTTTTGTGTATTTCCTCTTTAACCGTCTACACAACCTTAATAGCAGGTTGAGCCTCAAACTCAAAATATGCTCTCCTAGGAGCTATTCGAGCTATAGCCCAAACCATTTCATACGAAGTAACGATAACACTAATTATTATCTTCTATCTGTTCTTAGCTATACAAATAGATGTGGTAACAATCCGCTCAATTAATACCTCTATACCTACCTTTACCCTATCCATACCATTAGCTATTATATGGACTGTCGTCATCCTAGCGGAAACAAACCGAGCCCCGTTTGACTTCGCTGAAGGAGAATCAGAACTAGTCTCTGGGTTTAACATTGAGTACGGCGGAGCCGGATTTGCCTTCCTATTCATGGCCGAGTACAGAAACATCTTAATAATAAGACTTCTTACTGCCTGCATGCTGACAGGCACCTTACTAATATCAACCCCAATAGCAATCATCTTCCTTTGGGCACGAGCCACTCTCCCACGATATCGATACGACCTACTCATAGCAATAGCCTGAAAATCTTTTCTCCCAGTAAGATTAATTATTCTATTAGCATCTACCCCACTTATATTCATTATAGGATAATCAAACACAATGCTGGGA
Chip7,,CACTCATTACATACCTTCTAATCCTATTAGGCGTAGCATTCTTTACCCTCCTTGAACGCAAAGCTTTGGGGTACTTTCAAATCCGAAAAGGTCCAAATAAGGTCGGAATTATAGGGATCCCACAACCATTAGCAGACGCCCTAAAACTTTTTGTGAAAGAGTGAGTAATACCAACATCCTCAAATTACTTACCATTTATTTTAACCCCAACAATCATATTAACTTTAGCACTTAGATTATGGCAGCTATTTCCATCCTTCATACTGTCATTTCAAATAATCCTTGGAATACTACTATTTTTGTGTATTTCCTCTTTAACCGTCTACACAACCTTAATAGCAGGTTGAGCCTCAAACTCAAAATATGCTCTCCTAGGAGCTATTCGAGCTATAGCCCAAACCATTTCATACGAAGTAACGATAACACTAATTATTATCTTCTATCTGTTCTTAGCTATACAAATAGATGTGGTAACAATCCGCTCAATTAATACCTCTATGCCTACCTTTACCCTATCCATACCATTAGCTATTATATGGACTGTCGTCATCCTAGCGGAAACAAACCGAGCCCCGTTTGACTTCGCTGAAGGAGAATCAGAACTAGTCTCTGGGTTTAACATTGAGTACGGCGGAGCCGGATTTGCCTTCCTATTCATGGCCGAGTACAGAAACATCTTAATAATAAGACTTCTTACTGCCTGCATGCTGACAGGCACCTTACTAATATCAACCCCAATAGCAATCATCTTCCTTTGGGCACGAGCCACTCTCCCACGATATCGATACGACCTACTCATAGCAATAGCCTGAAAATCTTTTCTCCCAGTAAGATTAATTATTCTATTAGCATCTACCCCACTTATATTCATTATAGGATAATCAAACACAATGCTGGGA
Chip8,,CACTCATTACATACCTTCTAATCCTATTAGGCGTAGCATTCTTTACCCTCCTTGAACGCAAAGCTTTGGGGTACTTTCAAATCCGAAAAGGTCCAAATAAGGTCGGAATTATGGGGATCCCACAACCATTAGCAGACGCCCTAAAACTTTTTGTGAAAGAGTGAGTAATACCAACATCCTCAAATTACTTACCATTTATTTTAACCCCAACAATCATATTAATTTTAGCACTTAGATTATGGCAGCTATTTCCATCCTTCATATTGTCATTTCAAATAATCCTTGGAATACTACTATTTTTGTGTATTTCCTCTTTAACCGTCTACACAACCTTAATAGCAGGTTGAGCCTCAAACTCAAAATATGCTCTCCTAGGAGCTATTCGAGCTATAGCCCAAACCATTTCATACGAAGTAACGATAACACTAATTATTATCTTCTATCTGTTCTTAGCTATACAAATAGATGTGGTAACAATCCGCTCAATTAATACCTCTATACCTACCTTTACCCTATCCATACCATTAGCTATTATATGGACTGTCGTCATCCTAGCGGAAACAAACCGAGCCCCGTTTGACTTCGCTGAAGGAGAATCAGAACTAGTCTCTGGGTTTAACATTGAGTACGGCGGAGCCGGATTTGCCTTCCTATTCATGGCCGAGTACAGAAACATCTTAATAATAAGACTTCTTACTGCCTGCATGCTGACAGGCACCTTACTAATATCAACCCCAATAGCAATCATCTTCCTTTGGGCACGAGCCACTCTCCCACGATATCGATACGACCTACTCATAGCAATAGCCTGAAAATCTTTTCTCCCAGTAAGATTAATTATTCTATTAGCATCTACCCCACTTATATTCATTATAGGATAATCAAACACAATGCTGGGA
Chip9,,CACTCATTACATACCTTCTAATCCTATTAGGCGTAGCATTCTTTACCCTCCTTGAACGCAAAGCTTTGGGGTACTTTCAAATCCGAAAAGGTCCAAATAAGGTCGGAATTATAGGGATCCCACAACCATTAGCAGACGCCCTAAAACTTTTTGTGAAAGAGTGAGTAATACCAACATCCTCAAATTACTTACCATTTATTTTAACCCCAACAATCATATTAATTTTAGCACTTAGATTATGGCAGCTATTTCCATCCTTCATACTGTCATTTCAAATAATCCTTGGAATACTACTATTTTTGTGTATTTCCTCTTTAACCGTCTACACAACCTTAATAGCAGGTTGAGCCTCAAACTCAAAATATGCTCTCCTAGGAGCTATTCGAGCTATAGCCCAAACCATTTCATACGAAGTAACGATAACACTAATTATTATCTTCTATCTGTTCTTAGCTATACAAATAGATGTGGTAACAATCCGCTCAATTAATACCTCTATGCCTACCTTTACCCTATCCATACCATTAGCTATTATATGGACTGTCGTCATCCTAGCGGAAACAAACCGAGCCCCGTTTGACTTCGCTGAAGGAGAATCAGAACTAGTCTCTGGGTTTAACATTGAGTACGGCGGAGCCGGATTTGCCTTCCTATTCATGGCCGAGTACAGAAACATCTTAATAATAAGACTTCTTACTGCCTGCATGCTGACAGGCACCTTACTAATATCAACCCCAATAGCAATCATCTTCCTTTGGGCACGAGCCACTCTCCCACGATATCGATACGACCTACTCATAGCAATAGCCTGAAAATCTTTTCTCCCAGTAAGATTAATTATTCTATTAGCATCTACCCAACTTATATTCATTATAGGATAATCAAACACAATGCTGGGA
Chip10,,CACTCATTACATACCTTCTAATCCTATTAGGCGTAGCATTCTTTACCCTCCTTGAACGCAAAGCTTTGGGGTACTTTCAAATCCGAAAAGGTCCAAATAAGGTCGGAATTATAGGGATCCCACAACCATTAGCAGACGCCCTAAAACTTTTTGTGAAAGAGTGAGTAATACCAACATCCTCAAATTACTTACCATTTATTTTAACCCCAACAATCATATTAATTTTAGCACTTAGATTATGGCAGCTATTTCCATCCTTCATACTGTCATTTCAAATAATCCTTGGAATACTACTATTTTTGTGTATTTCCTCTTTAACCGTCTACACAACCTTAATAGCAGGTTGAGCCTCAAACTCAAAATATGCTCTCCTAGGAGCTATTCGAGCTATAGCCCAAACCATTTCATACGAAGTAACGATAACACTAATTATTATCTTCTATCTGTTCTTAGCTATACAAATAGATGTGGTAACAATCCGCTCAATTAATACCTCTATGCCTACCTTTACCCTATCCATACCATTAGCTATTATATGGACTGTCGTCATCCTAGCGGAAACAAACCGAGCCCCGTTTGACTTCGCTGAAGGAGAATCAGAACTAGTCTCTGGGTTTAACATTGAGTACGGCGGAGCCGGATTTGCCTTCCTATTCATGGCCGAGTACAGAAACATCTTAATAATAAGACTTCTTACTGCCTGCATGCTGACAGGCACCTTACTAATATCAACCCCAATAGCAATCATCTTCCTTTGGGCACGAGCCACTCTCCCACGATATCGATACGACCTACTCATAGCAATAGCCTGAAAATCTTTTCTCCCAGTAAGATTAATTATTCTATTAGCATCTACCCAACTTATATTCATTATAGGATAATCAAACACAATGCTGGGA
Chip11,,CACTCATTACATACCTTCTAATCCTATTAGGCGTAGCATTCTTTACCCTCCTTGAACGCAAAGCTTTGGGGTACTTTCAAATCCGAAAAGGTCCAAATAAGGTCGGAATTATGGGGATCCCACAACCATTAGCAGACGCCCTAAAACTTTTTGTGAAAGAGTGAGTAATACCAACATCCTCAAATTACTTACCATTTATTTTAACCCCAACAATCATATTAATTTTAGCACTTAGATTATGGCAGCTATTTCCATCCTTCATATTGTCATTTCAAATAATCCTTGGAATACTACTATTTTTGTGTATTTCCTCTTTAACCGTCTACACAACCTTAATAGCAGGTTGAGCCTCAAACTCAAAATATGCTCTCCTAGGAGCTATTCGAGCTATAGCCCAAACCATTTCATACGAAGTAACGATAACACTAATTATTATCTTCTATCTGTTCTTAGCTATACAAATAGATGTGGTAACAATCCGCTCAATTAATACCTCTATACCTACCTTTACCCTATCCATACCATTAGCTATTATATGGACTGTCGTCATCCTAGCGGAAACAAACCGAGCCCCGTTTGACTTCGCTGAAGGAGAATCAGAACTAGTCTCTGGGTTTAACATTGAGTACGGCGGAGCCGGATTTGCCTTCCTATTCATGGCCGAGTACAGAAACATCTTAATAATAAGACTTCTTACTGCCTGCATGCTGACAGGCACCTTACTAATATCAACCCCAATAGCAATCATCTTCCTTTGGGCACGAGCCACTCTCCCACGATATCGATACGACCTACTCATAGCAATAGCCTGAAAATCTTTTCTCCCAGTAAGATTAATTATTCTATTAGCATCTACCCCACTTATATTCATTATAGGATAATCAAACACAATGCTGGGA
Chip12,,CACTCATTACATACCTTCTAATCCTATTAGGCGTAGCATTCTTTACCCTCCTTGAACGCAAAGCTTTGGGGTACTTTCAAATCCGAAAAGGTCCAAATAAGGTCGGAATTATAGGGATCCCACAACCATTAGCAGACGCCCTAAAACTTTTTGTGAAAGAGTGAGTAATACCAACATCCTCAAATTACTTACCATTTATTTTAACCCCAACAATCATATTAATTTTAGCACTTAGATTATGGCAGCTATTTCCATCCTTCATACTGTCATTTCAAATAATCCTTGGAATACTACTATTTTTGTGTATTTCCTCTTTAACCGTCTACACAACCTTAATAGCAGGTTGAGCCTCAAACTCAAAATATGCTCTCCTAGGAGCTATTCGAGCTATAGCCCAAACCATTTCATACGAAGTAACGATAACACTAATTATTATCTTCTATCTGTTCTTAGCTATACAAATAGATGTGGTAACAATCCGCTCAATTAATACCTCTATGCCTACCTTTACCCTATCCATACCATTAGCTATTATATGGACTGTCGTCATCCTAGCGGAAACAAACCGAGCCCCGTTTGACTTCGCTGAAGGAGAATCAGAACTAGTCTCTGGGTTTAACATTGAGTACGGCGGAGCCGGATTTGCCTTCCTATTCATGGCCGAGTACAGAAACATCTTAATAATAAGACTTCTTACTGCCTGCATGCTGACAGGCACCTTACTAATATCAACCCCAATAGCAATCATCTTCCTTTGGGCACGAGCCACTCTCCCACGATATCGATACGACCTACTCATAGCAATAGCCTGAAAATCTTTTCTCCCAGTAAGATTAATTATTCTATTAGCATCTACCCAACTTATATTCATTATAGGATAATCAAACACAATGCTGGGA
Chip13,,CACTCATTACATACCTTCTAATCCTATTAGGCGTAGCATTCTTTACCCTCCTTGAACGCAAAGCTTTGGGGTACTTTCAAATCCGAAAAGGTCCAAATAAGGTCGGAATTATGGGGATCCCACAACCATTAGCAGACGCCCTAAAACTTTTTGTGAAAGAGTGAGTAATACCAACATCCTCAAATTACTTACCATTTATTTTAACCCCAACAATCATATTAATTTTAGCACTTAGATTATGGCAGCTATTTCCATCCTTCATATTGTCATTTCAAATAATCCTTGGAATACTACTATTTTTGTGTATTTCCTCTTTAACCGTCTACACAACCTTAATAGCAGGTTGAGCCTCAAACTCAAAATATGCTCTCCTAGGAGCTATTCGAGCTATAGCCCAAACCATTTCATACGAAGTAACGATAACACTAATTATTATCTTCTATCTGTTCTTAGCTATACAAATAGATGTGGTAACAATCCGCTCAATTAATACCTCTATACCTACCTTTACCCTATCCATACCATTAGCTATTATATGGACTGTCGTCATCCTAGCGGAAACAAACCGAGCCCCGTTTGACTTCGCTGAAGGAGAATCAGAACTAGTCTCTGGGTTTAACATTGAGTACGGCGGAGCCGGATTTGCCTTCCTATTCATGGCCGAGTACAGAAACATCTTAATAATAAGACTTCTTACTGCCTGCATGCTGACAGGCACCTTACTAATATCAACCCCAATAGCAATCATCTTCCTTTGGGCACGAGCCACTCTCCCACGATATCGATACGACCTACTCATAGCAATAGCCTGAAAATCTTTTCTCCCAGTAAGATTAATTATTCTATTAGCATCTACCCCACTTATATTCATTATAGGATAATCAAACACAATGCTGGGA
Chip14,,CACTCATTACATACCTTCTAATCCTATTAGGCGTAGCATTCTTTACCCTCCTTGAACGCAAAGCTTTGGGGTACTTTCAAATCCGAAAAGGTCCAAATAAAGTCGGAATTATAGGGATCCCACAACCATTAGCAGACGCCCTAAAACTTTTTGTGAAAGAGTGAGTAATACCAACATCCTCAAATTACTTACCATTTATTTTAACCCCAACAATCATATTAATTTTAGCACTTAGATTATGGCAGCTATTTCCATCCTTCATACTGTCATTTCAAATAATCCTTGGAATACTACTATTTTTGTGTATTTCCTCTTTAACCGTCTACACAACCTTAATAGCAGGTTGAGCCTCAAACTCAAAATATGCTCTCCTAGGAGCTATTCGAGCTATAGCCCAAACCATTTCATACGAAGTAACGATAACACTAATTATTATCTTCTATCTGTTCTTAGCTATACAAATAGATGTGGTAACAATCCGCTCAATTAATACCTCTATGCCTACCTTTACCCTATCCATACCATTAGCTATTATATGGACTGTCGTCATCCTAGCGGAAACAAACCGAGCCCCGTTTGACTTCGCTGAAGGAGAATCAGAACTAGTCTCTGGGTTTAACATTGAGTACGGCGGAGCCGGATTTGCCTTCCTATTCATGGCCGAGTACAGAAACATCTTAATAATAAGACTTCTTACTGCCTGCATGCTGACAGGCACCTTACTAATATCAACCCCAATAGCAATCATCTTCCTTTGGGCACGAGCCACTCTCCCACGATATCGATACGACCTACTCATAGCAATAGCCTGAAAATCTTTTCTCCCAGTAAGATTAATTATTCTATTAGCATCTACCCAACTTATATTCATTATAGGATAATCAAACACAATGCTGGGA
Chip15,,CACTCATTACATACCTTCTAATCCTATTAGGCGTAGCATTCTTTACCCTCCTTGAACGCAAAGCTTTGGGGTACTTTCAAATCCGAAAAGGTCCAAATAAGGTCGGAATTATAGGGATCCCACAACCATTAGCAGACGCCCTAAAACTTTTTGTGAAAGAGTGAGTAATACCAACATCCTCAAATTACTTACCATTTATTTTAACCCCAACAATCATATTAATTTTAGCACTTAGATTATGGCAGCTATTTCCATCCTTCATACTGTCATTTCAAATAATCCTTGGAATACTACTATTTTTGTGTATTTCCTCTTTAACCGTCTACACAACCTTAATAGCAGGTTGAGCCTCAAACTCAAAATATGCTCTCCTAGGAGCTATTCGAGCTATAGCCCAAACCATTTCATACGAAGTAACGATAACACTAATTATTATCTTCTATCTGTTCTTAGCTATACAAATAGATGTGGTAACAATCCGCTCAATTAATACCTCTATGCCTACCTTTACCCTATCCATACCATTAGCTATTATATGGACTGTCGTCATCCTAGCGGAAACAAACCGAGCCCCGTTTGACTTCGCTGAAGGAGAATCAGAACTAGTCTCTGGGTTTAACATTGAGTACGGCGGAGCCGGATTTGCCTTCCTATTCATGGCCGAGTACAGAAACATCTTAATAATAAGACTTCTTACTGCCTGCATGCTGACAGGCACCTTACTAATATCAACCCCAATAGCAATCATCTTCCTTTGGGCACGAGCCACTCTCCCACGATATCGATACGACCTACTCATAGCAATAGCCTGAAAATCTTTTCTCCCAGTAAGATTAATTATTCTATTAGCATCTACCCAACTTATATTCATTATAGGATAATCAAACACAATGCTGGGA
Chip16,,CACTCATTACATACCTTCTAATCCTATTAGGCGTAGCATTCTTTACCCTCCTTGAACGCAAAGCTTTGGGGTACTTTCAAATCCGAAAAGGTCCAAATAAGGTCGGAATTATAGGGATCCCACAACCATTAGCAGACGCCCTAAAACTTTTTGTGAAAGAGTGAGTAATACCAACATCCTCAAATTACTTACCATTTATTTTAACCCCAACAATCATATTAATTTTAGCACTTAGATTATGGCAGCTATTTCCATCCTTCATACTGTCATTTCAAATAATCCTTGGAATACTACTATTTTTGTGTATTTCCTCTTTAACCGTCTACACAACCTTAATAGCAGGTTGAGCCTCAAACTCAAAATATGCTCTCCTAGGAGCTATTCGAGCTATAGCCCAAACCATTTCATACGAAGTAACGATAACACTAATTATTATCTTCTATCTGTTCTTAGCTATACAAATAGATGTGGTAACAATCCGCTCAATTAATACCTCTATGCCTACCTTTACCCTATCCATACCATTAGCTATTATATGGACTGTCGTCATCCTAGCGGAAACAAACCGAGCCCCGTTTGACTTCGCTGAAGGAGAATCAGAACTAGTCTCTGGGTTTAACATTGAGTACGGCGGAGCCGGATTTGCCTTCCTATTCATGGCCGAGTACAGAAACATCTTAATAATAAGACTTCTTACTGCCTGCATGCTGACAGGCACCTTACTAATATCAACCCCAATAGCAATCATCTTCCTTTGGGCACGAGCCACTCTCCCACGATATCGATACGACCTACTCATAGCAATAGCCTGAAAATCTTTTCTCCCAGTAAGATTAATTATTCTATTAGCATCTACCCAACTTATATTCATTATAGGATAATCAAACACAATGCTGGGA
Chip17,,CACTCATTACATACCTTCTAATCCTATTAGGCGTAGCATTCTTTACCCTCCTTGAACGCAAAGCTTTGGGGTACTTTCAAATCCGAAAAGGTCCAAATAAGGTCGGAATTATGGGGATCCCACAACCATTAGCAGACGCCCTAAAACTTTTTGTGAAAGAGTGAGTAATACCAACATCCTCAAATTACTTACCATTTATTTTAACCCCAACAATCATATTAATTTTAGCACTTAGATTATGGCAGCTATTTCCATCCTTCATATTGTCATTTCAAATAATCCTTGGAATACTACTATTTTTGTGTATTTCCTCTTTAACCGTCTACACAACCTTAATAGCAGGTTGAGCCTCAAACTCAAAATATGCTCTCCTAGGAGCTATTCGAGCTATAGCCCAAACCATTTCATACGAAGTAACGATAACACTAATTATTATCTTCTATCTGTTCTTAGCTATACAAATAGATGTGGTAACAATCCGCTCAATTAATACCTCTATACCTACCTTTACCCTATCCATACCATTAGCTATTATATGGACTGTCGTCATCCTAGCGGAAACAAACCGAGCCCCGTTTGACTTCGCTGAAGGAGAATCAGAACTAGTCTCTGGGTTTAACATTGAGTACGGCGGAGCCGGATTTGCCTTCCTATTCATGGCCGAGTACAGAAACATCTTAATAATAAGACTTCTTACTGCCTGCATGCTGACAGGCACCTTACTAATATCAACCCCAATAGCAATCATCTTCCTTTGGGCACGAGCCACTCTCCCACGATATCGATACGACCTACTCATAGCAATAGCCTGAAAATCTTTTCTCCCAGTAAGATTAATTATTCTATTAGCATCTACCCCACTTATATTCATTATAGGATAATCAAACACAATGCTGGGA
Chip18,,CACTCATTACATACCTTCTAATCCTATTAGGCGTAGCATTCTTTACCCTCCTTGAACGCAAAGCTTTGGGGTACTTTCAAATCCGAAAAGGTCCAAATAAGGTCGGAATTATGGGGATCCCACAACCATTAGCAGACGCCCTAAAACTTTTTGTGAAAGAGTGAGTAATACCAACATCCTCAAATTACTTACCATTTATTTTAACCCCAACAATCATATTAATTTTAGCACTTAGATTATGGCAGCTATTTCCATCCTTCATATTGTCATTTCAAATAATCCTTGGAATACTACTATTTTTGTGTATTTCCTCTTTAACCGTCTACACAACCTTAATAGCAGGTTGAGCCTCAAACTCAAAATATGCTCTCCTAGGAGCTATTCGAGCTATAGCCCAAACCATTTCATACGAAGTAACGATAACACTAATTATTATCTTCTATCTGTTCTTAGCTATACAAATAGATGTGGTAACAATCCGCTCAATTAATACCTCTATACCTACCTTTACCCTATCCATACCATTAGCTATTATATGGACTGTCGTCATCCTAGCGGAAACAAACCGAGCCCCGTTTGACTTCGCTGAAGGAGAATCAGAACTAGTCTCTGGGTTTAACATTGAGTACGGCGGAGCCGGATTTGCCTTCCTATTCATGGCCGAGTACAGAAACATCTTAATAATAAGACTTCTTACTGCCTGCATGCTGACAGGCACCTTACTAATATCAACCCCAATAGCAATCATCTTCCTTTGGGCACGAGCCACTCTCCCACGATATCGATACGACCTACTCATAGCAATAGCCTGAAAATCTTTTCTCCCAGTAAGATTAATTATTCTATTAGCATCTACCCCACTTATATTCATTATAGGATAATCAAACACAATGCTGGGA
Chip19,,CACTCATTACATACCTTCTAATCCTATTAGGCGTAGCATTCTTTACCCTCCTTGAACGCAAAGCTTTGGGGTACTTTCAAATCCGAAAAGGTCCAAATAAGGTCGGAATTATAGGGATCCCACAACCATTAGCAGACGCCCTAAAACTTTTTGTGAAAGAGTGAGTAATACCAACATCCTCAAATTACTTACCATTTATTTTAACCCCAACAATCATATTAATTTTAGCACTTAGATTATGGCAGCTATTTCCATCCTTCATACTGTCATTTCAAATAATCCTTGGAATACTACTATTTTTGTGTATTTCCTCTTTAACCGTCTACACAACCTTAATAGCAGGTTGAGCCTCAAACTCAAAATATGCTCTCCTAGGAGCTATTCGAGCTATAGCCCAAACCATTTCATACGAAGTAACGATAACACTAATTATTATCTTCTATCTGTTCTTAGCTATACAAATAGATGTGGTAACAATCCGCTCAATTAATACCTCTATGCCTACCTTTACCCTATCCATACCATTAGCTATTATATGGACTGTCGTCATCCTAGCGGAAACAAACCGAGCCCCGTTTGACTTCGCTGAAGGAGAATCAGAACTAGTCTCTGGGTTTAACATTGAGTACGGCGGAGCCGGATTTGCCTTCCTATTCATGGCCGAGTACAGAAACATCTTAATAATAAGACTTCTTACTGCCTGCATGCTGACAGGCACCTTACTAATATCAACCCCAATAGCAATCATCTTCCTTTGGGCACGAGCCACTCTCCCACGATATCGATACGACCTACTCATAGCAATAGCCTGAAAATCTTTTCTCCCAGTAAGATTAATTATTCTATTAGCATCTACCCAACTTATATTCATTATAGGATAATCAAACACAATGCTGGGA
Chip20,,CACTCATTACATACCTTCTAATCCTATTAGGCGTAGCATTCTTTACCCTCCTTGAACGCAAAGCTTTGGGGTACTTTCAAATCCGAAAAGGTCCAAATAAGGTCGGAATTATAGGGATCCCACAACCATTAGCAGACGCCCTAAAACTTTTTGTGAAAGAGTGAGTAATACCAACATCCTCAAATTACTTACCATTTATTTTAACCCCAACAATCATATTAATTTTAGCACTTAGATTATGGCAGCTATTTCCATCCTTCATACTGTCATTTCAAATAATCCTTGGAATACTACTATTTTTGTGTATTTCCTCTTTAACCGTCTACACAACCTTAATAGCAGGTTGAGCCTCAAACTCAAAATATGCTCTCCTAGGAGCTATTCGAGCTATAGCCCAAACCATTTCATACGAAGTAACGATAACACTAATTATTATCTTCTATCTGTTCTTAGCTATACAAATAGATGTGGTAACAATCCGCTCAATTAATACCTCTATGCCTACCTTTACCCTATCCATACCATTAGCTATTATATGGACTGTCGTCATCCTAGCGGAAACAAACCGAGCCCCGTTTGACTTCGCTGAAGGAGAATCAGAACTAGTCTCTGGGTTTAACATTGAGTACGGCGGAGCCGGATTTGCCTTCCTATTCATGGCCGAGTACAGAAACATCTTAATAATAAGACTTCTTACTGCCTGCATGCTGACAGGCACCTTACTAATATCAACCCCAATAGCAATCATCTTCCTTTGGGCACGAGCCACTCTCCCACGATATCGATACGACCTACTCATAGCAATAGCCTGAAAATCTTTTCTCCCAGTAAGATTAATTATTCTATTAGCATCTACCCAACTTATATTCATTATAGGATAATCAAACACAATGCTGGGA
WI1,,CACTCATTACATACCTTCTAATCCTATTAGGCGTAGCATTCTTTACCCTCCTTGAACGCAAAGCTTTGGGGTACTTTCAAATCCGAAAAGGTCCAAATAAGGTCGGAATTATAGGGATCCCACAACCATTAGCAGACGCCCTAAAACTTTTTGTGAAAGAGTGAGTAATACCAACATCCTCAAATTACTTACCATTTATTTTAACCCCAACAATCATATTAACTTTAGCACTTAGATTATGGCAGCTATTTCCATCCTTCATACTGTCATTTCAAATAATCCTTGGAATACTACTATTTTTGTGTATTTCCTCTTTAACCGTCTACACAACCTTAATAGCAGGTTGAGCCTCAAACTCAAAATATGCTCTCCTAGGAGCTATTCGAGCTATAGCCCAAACCATTTCATACGAAGTAACGATAACACTAATTATTATCTTCTATCTGTTCTTAGCTATACAAATAGATGTGGTAACAATCCGCTCAATTAATACCTCTATGCCTACCTTTACCCTATCCATACCATTAGCTATTATATGGACTGTCGTCATCCTAGCGGAAACAAACCGAGCCCCGTTTGACTTCGCTGAAGGAGAATCAGAACTAGTCTCTGGGTTTAACATTGAGTACGGCGGAGCCGGATTTGCCTTCCTATTCATGGCCGAGTACAGAAACATCTTAATAATAAGACTTCTTACTGCCTGCATGCTGACAGGCACCTTACTAATATCAACCCCAATAGCAATCATCTTCCTTTGGGCACGAGCCACTCTCCCACGATATCGATACGACCTACTCATAGCAATAGCCTGAAAATCTTTTCTCCCAGTAAGATTAATTATTCTATTAGCATCTACCCCACTTATATTCATTATAGGATAATCAAACACAATGCTGGGA
WI2,,CACTCATTACATACCTTCTAATCCTATTAGGCGTAGCATTCTTTACCCTCCTTGAACGCAAAGCTTTGGGGTACTTTCAAATCCGAAAAGGTCCAAATAAGGTCGGAATTATGGGGATCCCACAACCATTAGCAGACGCCCTAAAACTTTTTGTGAAAGAGTGAGTAATACCAACATCCTCAAATTACTTACCATTTATTTTAACCCCAACAATCATATTAATTTTAGCACTTAGATTATGGCAGCTATTTCCATCCTTCATATTGTCATTTCAAATAATCCTTGGAATACTACTATTTTTGTGTATTTCCTCTTTAACCGTCTACACAACCTTAATAGCAGGTTGAGCCTCAAACTCAAAATATGCTCTCCTAGGAGCTATTCGAGCTATAGCCCAAACCATTTCATACGAAGTAACGATAACACTAATTATTATCTTCTATCTGTTCTTAGCTATACAAATAGATGTGGTAACAATCCGCTCAATTAATACCTCTATACCTACCTTTACCCTATCCATACCATTAGCTATTATATGGACTGTCGTCATCCTAGCGGAAACAAACCGAGCCCCGTTTGACTTCGCTGAAGGAGAATCAGAACTAGTCTCTGGGTTTAACATTGAGTACGGCGGAGCCGGATTTGCCTTCCTATTCATGGCCGAGTACAGAAACATCTTAATAATAAGACTTCTTACTGCCTGCATGCTGACAGGCACCTTACTAATATCAACCCCAATAGCAATCATCTTCCTTTGGGCACGAGCCACTCTCCCACGATATCGATACGACCTACTCATAGCAATAGCCTGAAAATCTTTTCTCCCAGTAAGATTAATTATTCTATTAGCATCTACCCCACTTATATTCATTATAGGATAATCAAACACAATGCTGGGA
WI3,,CACTCATTACATACCTTCTAATCCTATTAGGCGTAGCATTCTTTACCCTCCTTGAACGCAAAGCTTTGGGGTACTTTCAAATCCGAAAAGGTCCAAATAAGGTCGGAATTATAGGGATCCCACAACCATTAGCAGACGCCCTAAAACTTTTTGTGAAAGAGTGAGTAATACCAACATCCTCAAATTACTTACCATTTATTTTAACCCCAACAATCATATTAACTTTAGCACTTAGATTATGGCAGCTATTTCCATCCTTCATACTGTCATTTCAAATAATCCTTGGAATACTACTATTTTTGTGTATTTCCTCTTTAACCGTCTACACAACCTTAATAGCAGGTTGAGCCTCAAACTCAAAATATGCTCTCCTAGGAGCTATTCGAGCTATAGCCCAAACCATTTCATACGAAGTAACGATAACACTAATTATTATCTTCTATCTGTTCTTAGCTATACAAATAGATGTGGTAACAATCCGCTCAATTAATACCTCTATGCCTACCTTTACCCTATCCATACCATTAGCTATTATATGGACTGTCGTCATCCTAGCGGAAACAAACCGAGCCCCGTTTGACTTCGCTGAAGGAGAATCAGAACTAGTCTCTGGGTTTAACATTGAGTACGGCGGAGCCGGATTTGCCTTCCTATTCATGGCCGAGTACAGAAACATCTTAATAATAAGACTTCTTACTGCCTGCATGCTGACAGGCACCTTACTAATATCAACCCCAATAGCAATCATCTTCCTTTGGGCACGAGCCACTCTCCCACGATATCGATACGACCTACTCATAGCAATAGCCTGAAAATCTTTTCTCCCAGTAAGATTAATTATTCTATTAGCATCTACCCCACTTATATTCATTATAGGATAATCAAACACAATGCTGGGA
WI4,,CACTCATTACATACCTTCTAATCCTATTAGGCGTAGCATTCTTTACCCTCCTTGAACGCAAAGCTTTGGGGTACTTTCAAATCCGAAAAGGTCCAAATAAGGTCGGAATTATGGGGATCCCACAACCATTAGCAGACGCCCTAAAACTTTTTGTGAAAGAGTGAGTAATACCAACATCCTCAAATTACTTACCATTTATTTTAACCCCAACAATCATATTAATTTTAGCACTTAGATTATGGCAGCTATTTCCATCCTTCATATTGTCATTTCAAATAATCCTTGGAATACTACTATTTTTGTGTATTTCCTCTTTAACCGTCTACACAACCTTAATAGCAGGTTGAGCCTCAAACTCAAAATATGCTCTCCTAGGAGCTATTCGAGCTATAGCCCAAACCATTTCATACGAAGTAACGATAACACTAATTATTATCTTCTATCTGTTCTTAGCTATACAAATAGATGTGGTAACAATCCGCTCAATTAATACCTCTATACCTACCTTTACCCTATCCATACCATTAGCTATTATATGGACTGTCGTCATCCTAGCGGAAACAAACCGAGCCCCGTTTGACTTCGCTGAAGGAGAATCAGAACTAGTCTCTGGGTTTAACATTGAGTACGGCGGAGCCGGATTTGCCTTCCTATTCATGGCCGAGTACAGAAACATCTTAATAATAAGACTTCTTACTGCCTGCATGCTGACAGGCACCTTACTAATATCAACCCCAATAGCAATCATCTTCCTTTGGGCACGAGCCACTCTCCCACGATATCGATACGACCTACTCATAGCAATAGCCTGAAAATCTTTTCTCCCAGTAAGATTAATTATTCTATTAGCATCTACCCCACTTATATTCATTATAGGATAATCAAACACAATGCTGGGA
WI5,,CACTCATTACATACCTTCTAATCCTATTAGGCGTAGCATTCTTTACCCTCCTTGAACGCAAAGCTTTGGGGTACTTTCAAATCCGAAAAGGTCCAAATAAGGTCGGAATTATAGGGATCCCACAACCATTAGCAGACGCCCTAAAACTTTTTGTGAAAGAGTGAGTAATACCAACATCCTCAAATTACTTACCATTTATTTTAACCCCAACAATCATATTAACTTTAGCACTTAGATTATGGCAGCTATTTCCATCCTTCATACTGTCATTTCAAATAATCCTTGGAATACTACTATTTTTGTGTATTTCCTCTTTAACCGTCTACACAACCTTAATAGCAGGTTGAGCCTCAAACTCAAAATATGCTCTCCTAGGAGCTATTCGAGCTATAGCCCAAACCATTTCATACGAAGTAACGATAACACTAATTATTATCTTCTATCTGTTCTTAGCTATACAAATAGATGTGGTAACAATCCGCTCAATTAATACCTCTATGCCTACCTTTACCCTATCCATACCATTAGCTATTATATGGACTGTCGTCATCCTAGCGGAAACAAACCGAGCCCCGTTTGACTTCGCTGAAGGAGAATCAGAACTAGTCTCTGGGTTTAACATTGAGTACGGCGGAGCCGGATTTGCCTTCCTATTCATGGCCGAGTACAGAAACATCTTAATAATAAGACTTCTTACTGGCTGCATGCTGACAGGCACCTTACTAATATCAACCCCAATAGCAATCATCTTTCTTTGGGCACGAGCCACTCTCCCACGATATCGATACGACCTACTCATAGCAATAGCCTGAAAATCTTTTCTCCCAGTAAGATTAATTATTCTATTAGCATCTACCCCCCTTATATTCATTATAGGATAATCAAACACAATGCTGGGA
Mer1,,CACTCATTACATACCTTCTAATCCTATTAGGCGTAGCATTCTTTACCCTCCTTGAACGCAAAGCTTTGGGGTACTTTCAAATCCGAAAAGGTCCAAATAAGGTCGGAATTATGGGGATCCCACAACCATTAGCAGACGCCCTAAAACTTTTTGTGAAAGAGTGAGTAATACCAACATCCTCAAATTACTTACCATTTATTTTAACCCCAACAATCATATTAATTTTAGCACTTAGATTATGGCAGCTATTTCCATCCTTCATATTGTCATTTCAAATAATCCTTGGAATACTACTATTTTTGTGTATTTCCTCTTTAACCGTCTACACAACCTTAATAGCAGGTTGAGCCTCAAACTCAAAATATGCTCTCCTAGGAGCTATTCGAGCTATAGCCCAAACCATTTCATACGAAGTAACGATAACACTAATTATTATCTTCTATCTGTTCTTAGCTATACAAATAGATGTGGTAACAATCCGCTCAATTAATACCTCTATACCTACCTTTACCCTATCCATACCATTAGCTATTATATGGACTGTCGTCATCCTAGCGGAAACAAACCGAGCCCCGTTTGACTTCGCTGAAGGAGAATCAGAACTAGTCTCTGGGTTTAACATTGAGTACGGCGGAGCCGGATTTGCCTTCCTATTCATGGCCGAGTACAGAAACATCTTAATAATAAGACTTCTTACTGCCTGCATGCTGACAGGCACCTTACTAATATCAACCCCAATAGCAATCATCTTCCTTTGGGCACGAGCCACTCTCCCACGATATCGATACGACCTACTCATAGCAATAGCCTGAAAATCTTTTCTCCCAGTAAGATTAATTATTCTATTAGCATCTACCCCACTTATATTCATTATAGGATAATCAAACACAATGCTGGGA
Mer2,,CACTCATTACATACCTTCTAATCCTATTAGGCGTAGCATTCTTTACCCTCCTTGAACGCAAAGCTTTGGGGTACTTTCAAATCCGAAAAGGTCCAAATAAGGTCGGAATTATGGGGATCCCACAACCATTAGCAGACGCCCTAAAACTTTTTGTGAAAGAGTGAGTAATACCAACATCCTCAAATTACTTACCATTTATTTTAACCCCAACAATCATATTAATTTTAGCACTTAGATTATGGCAGCTATTTCCATCCTTCATATTGTCATTTCAAATAATCCTTGGAATACTACTATTTTTGTGTATTTCCTCTTTAACCGTCTACACAACCTTAATAGCAGGTTGAGCCTCAAACTCAAAATATGCTCTCCTAGGAGCTATTCGAGCTATAGCCCAAACCATTTCATACGAAGTAACGATAACACTAATTATTATCTTCTATCTGTTCTTAGCCATACAAATAGATGTGGTAACAATCCGCTCAATTAATACCTCTATACCTACCTTTACCCTATCCATACCATTAGCTATTATATGGACTGTCGTCATCCTAGCGGAAACAAACCGAGCCCCGTTTGACTTCGCTGAAGGAGAATCAGAACTAGTCTCTGGGTTTAACATTGAGTACGGCGGAGCCGGATTTGCCTTCCTATTCATGGCCGAGTACAGAAACATCTTAATAATAAGACTTCTTACTGCCTGCATGCTGACAGGCACCTTACTAATATCAACCCCAATAGCAATCATCTTCCTTTGGGCACGAGCCACTCTCCCACGATATCGATACGACCTACTCATAGCAATAGCCTGAAAATCTTTTCTCCCAGTAAGATTAATTATTCTATTAGCATCTACCCCACTTATATTCATTATAGGATAATCAAACACAATGCTGGGA
Mer3,,CACTCATTACATACCTTCTAATCCTATTAGGCGTAGCATTCTTTACCCTCCTTGAACGCAAAGCTTTGGGGTACTTTCAAATCCGAAAAGGTCCAAATAAGGTCGGAATTATAGGGATCCCACAACCATTAGCAGACGCCCTAAAACTTTTTGTGAAAGAGTGAGTAATACCAACATCCTCAAATTACTTACCATTTATTTTAACCCCAACAATCATATTAATTTTAGCACTTAGATTATGGCAGCTATTTCCATCCTTCATACTGTCATTTCAAATAATCCTTGGAATACTACTATTTTTGTGTATTTCCTCTTTAACCGTCTACACAACCTTAATAGCAGGTTGAGCCTCAAACTCAAAATATGCTCTCCTAGGAGCTATTCGAGCTATAGCCCAAACCATTTCATACGAAGTAACGATAACACTAATTATTATCTTCTATCTGTTCTTAGCTATACAAATAGATGTGGTAACAATCCGCTCAATTAATACCTCTATGCCTACCTTTACCCTATCCATACCATTAGCTATTATATGGACTGTCGTCATCCTAGCGGAAACAAACCGAGCCCCGTTTGACTTCGCTGAAGGAGAATCAGAACTAGTCTCTGGGTTTAACATTGAGTACGGCGGAGCCGGATTTGCCTTCCTATTCATGGCCGAGTACAGAAACATCTTAATAATAAGACTTCTTACTGCCTGCATGCTGACAGGCACCTTACTAATATCAACCCCAATAGCAATCATCTTCCTTTGGGCACGAGCCACTCTCCCACGATATCGATACGACCTACTCATAGCAATAGCCTGAAAATCTTTTCTCCCAGTAAGATTAATTATTCTATTAGCATCTACCCAACTTATATTCATTATAGGATAATCAAACACAATGCTGGGA
Mer4,,CACTCATTACATACCTTCTAATCCTATTAGGCGTAGCATTCTTTACCCTCCTTGAACGCAAAGCTTTGGGGTACTTTCAAATCCGAAAAGGTCCAAATAAGGTCGGAATTATAGGGATCCCACAACCATTAGCAGACGCCCTAAAACTTTTTGTGAAAGAGTGAGTAATACCAACATCCTCAAATTACTTACCATTTATTTTAACCCCAACAATCATATTAACTTTAGCACTTAGATTATGGCAGCTATTTCCATCCTTCATACTGTCATTTCAAATAATCCTTGGAATACTACTATTTTTGTGTATTTCCTCTTTAACCGTCTACACAACCTTAATAGCAGGTTGAGCCTCAAACTCAAAATATGCTCTCCTAGGAGCTATTCGAGCTATAGCCCAAACCATTTCATACGAAGTAACGATAACACTAATTATTATCTTCTATCTGTTCTTAGCTATACAAATAGATGTGGTAACAATCCGCTCAATTAATACCTCTATGCCTACCTTTACCCTATCCATACCATTAGCTATTATATGGACTGTCGTCATCCTAGCGGAAACAAACCGAGCCCCGTTTGACTTCGCTGAAGGAGAATCAGAACTAGTCTCTGGGTTTAACATTGAGTACGGCGGAGCCGGATTTGCCTTCCTATTCATGGCCGAGTACAGAAACATCTTAATAATAAGACTTCTTACTGCCTGCATGCTGACAGGCACCTTACTAATATCAACCCCAATAGCAATCATCTTCCTTTGGGCACGAGCCACTCTCCCACGATATCGATACGACCTACTCATAGCAATAGCCTGAAAATCTTTTCTCCCAGTAAGATTAATTATTCTATTAGCATCTACCCCACTTATATTCATTATAGGATAATCAAACACAATGCTGGGA
Mer5,,CACTCATTACATACCTTCTAATCCTATTAGGCGTAGCATTCTTTACCCTCCTTGAACGCAAAGCTTTGGGGTACTTTCAAATCCGAAAAGGTCCAAATAAGGTCGGAATTATGGGGATCCCACAACCATTAGCAGACGCCCTAAAACTTTTTGTGAAAGAGTGAGTAATACCAACATCCTCAAATTACTTACCATTTATTTTAACCCCAACAATCATATTAATTTTAGCACTTAGATTATGGCAGCTATTTCCATCCTTCATATTGTCATTTCAAATAATCCTTGGAATACTACTATTTTTGTGTATTTCCTCTTTAACCGTCTACACAACCTTAATAGCAGGTTGAGCCTCAAACTCAAAATATGCTCTCCTAGGAGCTATTCGAGCTATAGCCCAAACCATTTCATACGAAGTAACGATAACACTAATTATTATCTTCTATCTGTTCTTAGCTATACAAATAGATGTGGTAACAATCCGCTCAATTAATACCTCTATACCTACCTTTACCCTATCCATACCATTAGCTATTATATGGACTGTCGTCATCCTAGCGGAAACAAACCGAGCCCCGTTTGACTTCGCTGAAGGAGAATCAGAACTAGTCTCTGGGTTTAACATTGAGTACGGCGGAGCCGGATTTGCCTTCCTATTCATGGCCGAGTACAGAAACATCTTAATAATAAGACTTCTTACTGCCTGCATGCTGACAGGCACCTTACTAATATCAACCCCAATAGCAATCATCTTCCTTTGGGCACGAGCCACTCTCCCACGATATCGATACGACCTACTCATAGCAATAGCCTGAAAATCTTTTCTCCCAGTAAGATTAATTATTCTATTAGCATCTACCCCACTTATATTCATTATAGGATAATCAAACACAATGCTGGGA
Mer6,,CACTCATTACATACCTTCTAATCCTATTAGGCGTAGCATTCTTTACCCTCCTTGAACGCAAAGCTTTGGGGTACTTTCAAATCCGAAAAGGTCCAAATAAGGTCGGAATTATGGGGATCCCACAACCATTAGCAGACGCCCTAAAACTTTTTGTGAAAGAGTGAGTAATACCAACATCCTCAAATTACTTACCATTTATTTTAACCCCAACAATCATATTAATTTTAGCACTTAGATTATGGCAGCTATTTCCATCCTTCATATTGTCATTTCAAATAATCCTTGGAATACTACTATTTTTGTGTATTTCCTCTTTAACCGTCTACACAACCTTAATAGCAGGTTGAGCCTCAAACTCAAAATATGCTCTCCTAGGAGCTATTCGAGCTATAGCCCAAACCATTTCATACGAAGTAACGATAACACTAATTATTATCTTCTATCTGTTCTTAGCTATACAAATAGATGTGGTAACAATCCGCTCAATTAATACCTCTATACCTACCTTTACCCTATCCATACCATTAGCTATTATATGGACTGTCGTCATCCTAGCGGAAACAAACCGAGCCCCGTTTGACTTCGCTGAAGGAGAATCAGAACTAGTCTCTGGGTTTAACATTGAGTACGGCGGAGCCGGATTTGCCTTCCTATTCATGGCCGAGTACAGAAACATCTTAATAATAAGACTTCTTACTGCCTGCATGCTGACAGGCACCTTACTAATATCAACCCCAATAGCAATCATCTTCCTTTGGGCACGAGCCACTCTCCCACGATATCGATACGACCTACTCATAGCAATAGCCTGAAAATCTTTTCTCCCAGTAAGATTAATTATTCTATTAGCATCTACCCCACTTATATTCATTATAGGATAATCAAACACAATGCTGGGA
Mer7,,CACTCATTACATACCTTCTAATCCTATTAGGCGTAGCATTCTTTACCCTCCTTGAACGCAAAGCTTTGGGGTACTTTCAAATCCGAAAAGGTCCAAATAAGGTCGGAATTATAGGGATCCCACAACCATTAGCAGACGCCCTAAAACTTTTTGTGAAAGAGTGAGTAATACCAACATCCTCAAATTACTTACCATTTATTTTAACCCCAACAATCATATTAATTTTAGCACTTAGATTATGGCAGCTATTTCCATCCTTCATACTGTCATTTCAAATAATCCTTGGAATACTACTATTTTTGTGTATTTCCTCTTTAACCGTCTACACAACCTTAATAGCAGGTTGAGCCTCAAACTCAAAATATGCTCTCCTAGGAGCTATTCGAGCTATAGCCCAAACCATTTCATACGAAGTAACGATAACACTAATTATTATCTTCTATCTGTTCTTAGCTATACAAATAGATGTGGTAACAATCCGCTCAATTAATACCTCTATGCCTACCTTTACCCTATCCATACCATTAGCTATTATATGGACTGTCGTCATCCTAGCGGAAACAAACCGAGCCCCGTTTGACTTCGCTGAAGGAGAATCAGAACTAGTCTCTGGGTTTAACATTGAGTACGGCGGAGCCGGATTTGCCTTCCTATTCATGGCCGAGTACAGAAACATCTTAATAATAAGACTTCTTACTGCCTGCATGCTGACAGGCACCTTACTAATATCAACCCCAATAGCAATCATCTTCCTTTGGGCACGAGCCACTCTCCCACGATATCGATACGACCTACTCATAGCAATAGCCTGAAAATCTTTTCTCCCAGTAAGATTAATTATTCTATTAGCATCTACCCAACTTATATTCATTATAGGATAATCAAACACAATGCTGGGA
Mer8,,CACTCATTACATACCTTCTAATCCTATTAGGCGTAGCATTCTTTACCCTCCTTGAACGCAAAGCTTTGGGGTACTTTCAAATCCGAAAAGGTCCAAATAAGGTCGGAATTATAGGGATCCCACAACCATTAGCAGACGCCCTAAAACTTTTTGTGAAAGAGTGAGTAATACCAACATCCTCAAATTACTTACCATTTATTTTAACCCCAACAATCATATTAATTTTAGCACTTAGATTATGGCAGCTATTTCCATCCTTCATACTGTCATTTCAAATAATCCTTGGAATACTACTATTTTTGTGTATTTCCTCTTTAACCGTCTACACAACCTTAATAGCAGGTTGAGCCTCAAACTCAAAATATGCTCTCCTAGGAGCTATTCGAGCTATAGCCCAAACCATTTCATACGAAGTAACGATAACACTAATTATTATCTTCTATCTGTTCTTAGCTATACAAATAGATGTGGTAACAATCCGCTCAATTAATACCTCTATGCCTACCTTTACCCTATCCATACCATTAGCTATTATATGGACTGTCGTCATCCTAGCGGAAACAAACCGAGCCCCGTTTGACTTCGCTGAAGGAGAATCAGAACTAGTCTCTGGGTTTAACATTGAGTACGGCGGAGCCGGATTTGCCTTCCTATTCATGGCCGAGTACAGAAACATCTTAATAATAAGACTTCTTACTGCCTGCATGCTGACAGGCACCTTACTAATATCAACCCCAATAGCAATCATCTTCCTTTGGGCACGAGCCACTCTCCCACGATATCGATACGACCTACTCATAGCAATAGCCTGAAAATCTTTTCTCCCAGTAAGATTAATTATTCTATTAGCATCTACCCAACTTATATTCATTATAGGATAATCAAACACAATGCTGGGA
Mer9,,CACTCATTACATACCTTCTAATCCTATTAGGCGTAGCATTCTTTACCCTCCTTGAACGCAAAGCTTTGGGGTACTTTCAAATCCGAAAAGGTCCAAATAAGGTCGGAATTATGGGGATCCCACAACCATTAGCAGACGCCCTAAAACTTTTTGTGAAAGAGTGAGTAATACCAACATCCTCAAATTACTTACCATTTATTTTAACCCCAACAATCATATTAATTTTAGCACTTAGATTATGGCAGCTATTTCCATCCTTCATATTGTCATTTCAAATAATCCTTGGAATACTACTATTTTTGTGTATTTCCTCTTTAACCGTCTACACAACCTTAATAGCAGGTTGAGCCTCAAACTCAAAATATGCTCTCCTAGGAGCTATTCGAGCTATAGCCCAAACCATTTCATACGAAGTAACGATAACACTAATTATTATCTTCTATCTGTTCTTAGCTATACAAATAGATGTGGTAACAATCCGCTCAATTAATACCTCTATACCTACCTTTACCCTATCCATACCATTAGCTATTATATGGACTGTCGTCATCCTAGCGGAAACAAACCGAGCCCCGTTTGACTTCGCTGAAGGAGAATCAGAACTAGTCTCTGGGTTTAACATTGAGTACGGCGGAGCCGGATTTGCCTTCCTATTCATGGCCGAGTACAGAAACATCTTAATAATAAGACTTCTTACTGCCTGCATGCTGACAGGCACCTTACTAATATCAACCCCAATAGCAATCATCTTCCTTTGGGCACGAGCCACTCTCCCACGATATCGATACGACCTACTCATAGCAATAGCCTGAAAATCTTTTCTCCCAGTAAGATTAATTATTCTATTAGCATCTACCCCACTTATATTCATTATAGGATAATCAAACACAATGCTGGGA
TN1,,CACTCATTACATACCTTCTAATCCTATTAGGCGTAGCATTCTTTACCCTCCTTGAACGCAAAGCTTTGGGGTACTTTCAAATCCGAAAAGGTCCAAATAAGGTCGGAATTATGGGGATCCCACAACCATTAGCAGACGCCCTAAAACTTTTTGTGAAAGAGTGAGTAATACCAACATCCTCAAATTACTTACCATTTATTTTAACCCCAACAATCATATTAATTTTAGCACTTAGATTATGGCAGCTATTTCCATCCTTCATATTGTCATTTCAAATAATCCTTGGAATACTACTATTTTTGTGTATTTCCTCTTTAACCGTCTACACAACCTTAATAGCAGGTTGAGCCTCAAACTCAAAATATGCTCTCCTAGGAGCTATTCGAGCTATAGCCCAAACCATTTCATACGAAGTAACGATAACACTAATTATTATCTTCTATCTGTTCTTAGCTATACAAATAGATGTGGTAACAATCCGCTCAATTAATACCTCTATACCTACCTTTACCCTATCCATACCATTAGCTATTATATGGACTGTCGTCATCCTAGCGGAAACAAACCGAGCCCCGTTTGACTTCGCTGAAGGAGAATCAGAACTAGTCTCTGGATTTAACATTGAGTACGGCGGAGCCGGATTTGCCTTCCTATTCATGGCCGAGTACAGAAACATCTTAATAATAAGACTTCTTACTGCCTGCATGCTGACAGGCACCTTACTAATATCAACCCCAATAGCAATCATCTTCCTTTGGGCACGAGCCACTCTCCCACGATATCGATACGACCTACTCATAGCAATAGCCTGAAAATCTTTTCTCCCAGTAAGATTAATTATTCTATTAGCATCTACCCCACTTATATTCATTATAGGATAACCAAACACAATGCTGGGA
TN2,,CACTCATTACATACCTTCTAATCCTATTAGGCGTAGCATTCTTTACCCTCCTTGAACGCAAAGCTTTGGGGTACTTTCAAATCCGAAAAGGTCCAAATAAGGTCGGAATTATGGGGATCCCACAACCATTAGCAGACGCCCTAAAACTTTTTGTGAAAGAGTGAGTAATACCAACATCCTCAAATTACTTACCATTTATTTTAACCCCAACAATCATATTAATTTTAGCACTTAGATTATGGCAGCTATTTCCATCCTTCATATTGTCATTTCAAATAATCCTTGGAATACTACTATTTTTGTGTATTTCCTCTTTAACCGTCTACACAACCTTAATAGCAGGTTGAGCCTCAAACTCAAAATATGCTCTCCTAGGAGCTATTCGAGCTATAGCCCAAACCATTTCATACGAAGTAACGATAACACTAATTATTATCTTCTATCTGTTCTTAGCTATACAAATAGATGTGGTAACAATCCGCTCAATTAATACCTCTATGCCTACCTTTACCCTATCCATACCATTAGCTATTATATGGACTGTCGTCATCCTAGCGGAAACAAACCGAGCCCCGTTTGACTTCGCTGAAGGAGAATCAGAACTAGTCTCTGGATTTAACATTGAGTACGGCGGAGCCGGATTTGCCTTCCTATTCATGGCCGAGTACAGAAACATCTTAATAATAAGACTTCTTACTGCCTGCATGCTGACAGGCACCTTACTAATATCAACCCCAATAGCAATCATCTTCCTTTGGGCACGAGCCACTCTCCCACGATATCGATACGACCTACTCATAGCAATAGCCTGAAAATCTTTTCTCCCAGTAAGATTAATTATTCTATTAGCATCTACCCCACTTATATTCATTATAGGATAATCAAACACAATGCTGGGA
TN3,,CACTCATTACATACCTTCTAATCCTATTAGGCGTAGCATTCTTTACCCTCCTTGAACGCAAAGCTTTGGGGTACTTTCAAATCCGAAAAGGTCCAAATAAGGTCGGAATTATGGGGATCCCACAACCATTAGCAGACGCCCTAAAACTTTTTGTGAAAGAGTGAGTAATACCAACATCCTCAAATTACTTACCATTTATTTTAACCCCAACAATCATATTAATTTTAGCACTTAGATTATGGCAGCTATTTCCATCCTTCATATTGTCATTTCAAATAATCCTTGGAATACTACTATTTTTGTGTATTTCCTCTTTAACCGTCTACACAACCTTAATAGCAGGTTGAGCCTCAAACTCAAAATATGCTCTCCTAGGAGCTATTCGAGCTATAGCCCAAACCATTTCATACGAAGTAACGATAACACTAATTATTATCTTCTATCTGTTCTTAGCTATACAAATAGATGTGGTAACAATCCGCTCAATTAATACCTCTATGCCTACCTTTACCCTATCCATACCATTAGCTATTATATGGACTGTCGTCATCCTAGCGGAAACAAACCGAGCCCCGTTTGACTTCGCTGAAGGAGAATCAGAACTAGTCTCTGGATTTAACATTGAGTACGGCGGAGCCGGATTTGCCTTCCTATTCATGGCCGAGTACAGAAACATCTTAATAATAAGACTTCTTACTGCCTGCATGCTGACAGGCACCTTACTAATATCAACCCCAATAGCAATCATCTTCCTTTGGGCACGAGCCACTCTCCCACGATATCGATACGACCTACTCATAGCAATAGCCTGAAAATCTTTTCTCCCAGTAAGATTAATTATTCTATTAGCATCTACCCCACTTATATTCATTATAGGATAATCAAACACAATGCTGGGA
TN4,,CACTCATTACATACCTTCTAATCCTATTAGGCGTAGCATTCTTTACCCTCCTTGAACGCAAAGCTTTAGGGTACTTTCAAATCCGAAAAGGTCCAAATAAGGTCGGAATTATGGGGATCCCACAACCATTAGCAGACGCCCTAAAACTTTTTGTGAAAGAGTGAGTAATACCAACATCCTCAAACTACTTACCATTTATTTTAACCCCAACAATCATATTAATTTTAGCACTTAGATTATGGCAGCTATTTCCATCCTTCATATTGTCATTTCAAATAATCCTTGGAATACTACTATTTTTGTGTATTTCCTCTTTAACCGTCTACACAACCTTAATAGCAGGTTGAGCCTCAAACTCAAAATATGCTCTCCTAGGAGCTATTCGAGCTATAGCCCAAACCATTTCATACGAAGTAACGATAACACTAATTATTATCTTCTATCTGTTCTTAGCTATACAAATAGATGTGGTAACAATCCGCTCAATTAATACCTCTATGCCTACCTTTACCCTATCCATACCATTAGCTATTATATGGACTGTCGTCATCCTAGCGGAAACAAACCGAGCCCCGTTTGACTTCGCTGAAGGAGAATCAGAACTAGTCTCTGGGTTTAACATTGAGTACGGCGGAGCCGGATTTGCCTTCCTATTCATGGCCGAGTACAGAAACATCTTAATAATAAGACTTCTTACTGCCTGCATGCTGACAGGCACCTTACTAATATCAACCCCAATAGCAATCATCTTCCTTTGGGCACGAGCCACTCTCCCACGATATCGATACGACCTACTCATAGCAATAGCCTGAAAATCTTTTCTCCCAGTAAGATTAATTATTCTATTAGCATCTACCCCACTTATATTCATTATAGGATAATCAAACACAATGCTGGGA
TN5,,CACTCATTACATACCTTCTAATCCTATTAGGCGTAGCATTCTTTACCCTCCTTGAACGCAAAGCTTTGGGGTACTTTCAAATCCGAAAAGGTCCAAATAAGGTCGGAATTATGGGGATCCCACAACCATTAGCAGACGCCCTAAAACTTTTTGTGAAAGAGTGAGTAATACCAACATCCTCAAACTACTTACCATTTATTTTAACCCCAACAATCATATTAATTTTAGCACTTAGATTATGGCAGCTATTTCCATCCTTCATATTGTCATTTCAAATAATCCTTGGAATACTACTATTTTTGTGTATTTCCTCTTTAACCGTCTACACAACCTTAATAGCAGGTTGAGCCTCAAACTCAAAATATGCTCTCCTAGGAGCTATTCGAGCTATAGCCCAAACCATTTCATACGAAGTAACGATAACACTAATTATTATCTTCTATCTGTTCTTAGCTATACAAATAGATGTGGTAACAATCCGCTCAATTAATACCTCTATGCCTACCTTTACCCTATCCATACCATTAGCTATTATATGGACTGTCGTCATCCTAGCGGAAACAAACCGAGCCCCGTTTGACTTCGCTGAAGGAGAATCAGAACTAGTCTCTGGGTTTAACATTGAGTACGGCGGAGCCGGATTTGCCTTCCTATTCATGGCCGAGTACAGAAACATCTTAATAATAAGACTTCTTACTGCCTGCATGCTGACAGGCACCTTACTAATATCAACCCCAATAGCAATCATCTTCCTTTGGGCACGAGCCACTCTCCCACGATATCGATACGACCTACTCATAGCAATAGCCTGAAAATCTTTTCTCCCAGTAAGATTAATTATTCTATTAGCATCTACCCCACTTATATTCATTATAGGATAATCAAACACAATGCTGGGA
TN6,,CACTCATTACATACCTTCTAATCCTATTAGGCGTAGCATTCTTTACCCTCCTTGAACGCAAAGCTTTGGGGTACTTTCAAATCCGAAAAGGTCCAAATAAGGTCGGAATTATGGGGATCCCACAACCATTAGCAGACGCCCTAAAACTTTTTGTGAAAGAGTGAGTAATACCAACATCCTCAAATTACTTACCATTTATTTTAACCCCAACAATCATATTAATTTTAGCACTTAGATTATGGCAGCTATTTCCATCCTTCATATTGTCATTTCAAATAATCCTTGGAATACTACTATTTTTGTGTATTTCCTCTTTAACCGTCTACACAACCTTAATAGCAGGTTGAGCCTCAAACTCAAAATATGCTCTCCTAGGAGCTATTCGAGCTATAGCCCAAACCATTTCATACGAAGTAACGATAACACTAATTATTATCTTCTATCTGTTCTTAGCTATACAAATAGATGTGGTAACAATCCGCTCAATTAATACCTCTATACCTACCTTTACCCTATCCATACCATTAGCTATTATATGGACTGTCGTCATCCTAGCGGAAACAAACCGAGCCCCGTTTGACTTCGCTGAAGGAGAATCAGAACTAGTCTCTGGATTTAACATTGAGTACGGCGGAGCCGGATTTGCCTTCCTATTCATGGCCGAGTACAGAAACATCTTAATAATAAGACTTCTTACTGCCTGCATGCTGACAGGCACCTTACTAATATCAACCCCAATAGCAATCATCTTCCTTTGGGCACGAGCCACTCTCCCACGATATCGATACGACCTACTCATAGCAATAGCCTGAAAATCTTTTCTCCCAGTAAGATTAATTATTCTATTAGCATCTACCCCACTTATATTCATTATAGGATAATCAAACACAATGCTGGGA
TN7,,CACTCATTACATACCTTCTAATCCTATTAGGCGTAGCATTCTTTACCCTCCTTGAACGCAAAGCTTTGGGGTACTTTCAAATCCGAAAAGGTCCAAATAAGGTCGGAATTATGGGGATCCCACAACCATTAGCAGACGCCCTAAAACTTTTTGTGAAAGAGTGAGTAATACCAACATCCTCAAATTACTTACCATTTATTTTAACCCCAACAATCATATTAATTTTAGCACTTAGATTATGGCAGCTATTTCCATCCTTCATATTGTCATTTCAAATAATCCTTGGAATACTACTATTTTTGTGTATTTCCTCTTTAACCGTCTACACAACCTTAATAGCAGGTTGAGCCTCAAACTCAAAATATGCTCTCCTAGGAGCTATTCGAGCTATAGCCCAAACCATTTCATACGAAGTAACGATAACACTAATTATTATCTTCTATCTGTTCTTAGCTATACAAATAGATGTGGTAACAATCCGCTCAATTAATACCTCTATACCTACCTTTACCCTATCCATACCATTAGCTATTATATGGACTGTCGTCATCCTAGCGGAAACAAACCGAGCCCCGTTTGACTTCGCTGAAGGAGAATCAGAACTAGTCTCTGGATTTAACATTGAGTACGGCGGAGCCGGATTTGCCTTCCTATTCATGGCCGAGTACAGAAACATCTTAATAATAAGACTTCTTACTGCCTGCATGCTGACAGGCACCTTACTAATATCAACCCCAATAGCAATCATCTTCCTTTGGGCACGAGCCACTCTCCCACGATATCGATACGACCTACTCATAGCAATAGCCTGAAAATCTTTTCTCCCAGTAAGATTAATTATTCTATTAGCATCTACCCCACTTATATTCATTATAGGATAATCAAACACAATGCTGGGA
TN8,,CACTCATTACATACCTTCTAATCCTATTAGGCGTAGCATTCTTTACCCTCCTTGAACGCAAAGCTTTGGGGTACTTTCAAATCCGAAAAGGTCCAAATAAGGTCGGAATTATGGGGATCCCACAACCATTAGCAGACGCCCTAAAACTTTTTGTGAAAGAGTGAGTAATACCAACATCCTCAAATTACTTACCATTTATTTTAACCCCAACAATCATATTAATTTTAGCACTTAGATTATGGCAGCTATTTCCATCCTTCATATTGTCATTTCAAATAATCCTTGGAATACTACTATTTTTGTGTATTTCCTCTTTAACCGTCTACACAACCTTAATAGCAGGTTGAGCCTCAAACTCAAAATATGCTCTCCTAGGAGCTATTCGAGCTATAGCCCAAACCATTTCATACGAAGTAACGATAACACTAATTATTATCTTCTATCTGTTCTTAGCTATACAAATAGATGTGGTAACAATCCGCTCAATTAATACCTCTATACCTACCTTTACCCTATCCATACCATTAGCTATTATATGGACTGTCGTCATCCTAGCGGAAACAAACCGAGCCCCGTTTGACTTCGCTGAAGGAGAATCAGAACTAGTCTCTGGGTTTAACATTGAGTACGGCGGAGCCGGATTTGCCTTCCTATTCATGGCCGAGTACAGAAACATCTTAATAATAAGACTTCTTACTGCCTGCATGCTGACAGGCACCTTACTAATATCAACCCCAATAGCAATCATCTTCCTTTGGGCACGAGCCACTCTCCCACGATATCGATACGACCTACTCATAGCAATAGCCTGAAAATCTTTTCTCCCAGTAAGATTAATTATTCTATTAGCATCTACCCCACTTATATTCATTATAGGATAATCAAACACAATGCTGGGA
WV1,,CACTCATCACATACCTTCTAATCCTATTAGGCGTAGCATTCTTTACCCTCCTTGAACGCAAAGCTTTGGGGTACTTTCAAATCCGAAAAGGTCCAAATAAGGTCGGAATTATGGGGATCCCACAACCATTAGCAGACGCCCTAAAACTTTTTGTGAAAGAGTGAGTAATACCAACATCCTCAAATTACTTACCATTTATTTTAACCCCAACAATCATATTAATTTTAGCACTTAGATTATGGCAGCTATTTCCATCCTTCATATTGTCATTTCAAATAATCCTTGGAATACTACTATTTTTGTGTATTTCCTCTTTAACCGTCTACACAACCTTAATAGCAGGTTGAGCCTCAAACTCAAAATATGCTCTCCTAGGAGCTATTCGAGCTATAGCCCAAACCATTTCATACGAAGTAACGATAACACTAATTATTATCTTCTATCTGTTCTTAGCTATACAAATAGATGTGGTAACAATCCGCTCAATTAATACCTCTATACCTACCTTTACCCTATCCATACCATTAGCTATTATATGGACTGTCGTCATCCTAGCGGAAACAAACCGAGCCCCGTTTGACTTCGCTGAAGGAGAATCAGAACTAGTCTCTGGGTTTAACATTGAGTACGGCGGAGCCGGATTTGCCTTCCTATTCATGGCCGAGTACAGAAACATCTTAATAATAAGACTTCTTACTGCCTGCATGCTGACAGGCACCTTACTAATATCAACCCCAATAGCAATCATCTTCCTTTGGGCACGAGCCACTCTCCCACGATATCGATACGACCTACTCATAGCAATAGCCTGAAAATCTTTTCTCCCAGTAAGATTAATTATTCTATTAGCATCTACCCCACTTATATTCATTATAGGATAATCAAACACAATGCTGGGA
ALL1,,CACTCATTACATACCTTCTAATCCTATTAGGCGTAGCATTCTTTACCCTCCTTGAACGCAAAGCTTTGGGGTACTTTCAAATCCGAAAAGGTCCAAATAAGGTCGGAATTATGGGGATCCCACAACCATTAGCAGACGCCCTAAAACTTTTTGTGAAAGAGTGAGTAATACCAACATCCTCAAATTACTTACCATTTATTTTAACCCCAACAATCATATTAATTTTAGCACTTAGATTATGGCAGCTATTTCCATCCTTCATATTGTCATTTCAAATAATCCTTGGAATACTACTATTTTTGTGTATTTCCTCTTTAACCGTCTACACAACCTTAATAGCAGGTTGAGCCTCAAACTCAAAATATGCTCTCCTAGGAGCTATTCGAGCTATAGCCCAAACCATTTCATACGAAGTAACGATAACACTAATTATTATCTTCTATCTGTTCTTAGCTATACAAATAGATGTGGTAACAATCCGCTCAATTAATACCTCTATGCCTACCTTTACCCTATCCATACCATTAGCTATTATATGGACTGTCGTCATCCTAGCGGAAACAAACCGAACCCCGTTTGACTTCGCTGAAGGAGAATCAGAACTAGTCTCTGGATTTAACATTGAGTACGGCGGAGCCGGATTTGCCTTCCTATTCATGGCCGAGTACAGAAACATCTTAATAATAAGACTTCTTACTGCCTGCATGCTGACAGGCACCTTACTAATATCAACCCCAATAGCAATCATCTTCCTTTGGGCACGAGCCACTCTCCCACGATATCGATACGACCTACTCATAGCAATAGCCTGAAAATCTTTTCTCCCAGTAAGATTAATTATTCTATTAGCATCTACCCCACTTATATTCATTATAGGATAATCAAACACAATGCTGGGA
ALL2,,CACTCATTACATACCTTCTAATCCTATTAGGCGTAGCATTCTTTACCCTCCTTGAACGCAAAGCTTTGGGGTACTTTCAAATCCGAAAAGGTCCAAATAAGGTCGGAATTATGGGGATCCCACAACCATTAGCAGACGCCCTAAAACTTTTTGTGAAAGAGTGAGTAATACCAACATCCTCAAATTACTTACCATTTATTTTAACCCCAACAATCATATTAATTTTAGCACTTAGATTATGGCAGCTATTTCCATCCTTCATATTGTCATTTCAAATAATCCTTGGAATACTACTATTTTTGTGTATTTCCTCTTTAACCGTCTACACAACCTTAATAGCAGGTTGAGCCTCAAACTCAAAATATGCTCTCCTAGGAGCTATTCGAGCTATAGCCCAAACCATTTCATACGAAGTAACGATAACACTAATTATTATCTTCTATCTGTTCTTAGCTATACAAATAGATGTGGTAACAATCCGCTCAATTAATACCTCTATGCCTACCTTTACCCTATCCATACCATTAGCTATTATATGGACTGTCGTCATCCTAGCGGAAACAAACCGAACCCCGTTTGACTTCGCTGAAGGAGAATCAGAACTAGTCTCTGGATTTAACATTGAGTACGGCGGAGCCGGATTTGCCTTCCTATTCATGGCCGAGTACAGAAACATCTTAATAATAAGACTTCTTACTGCCTGCATGCTGACAGGCACCTTACTAATATCAACCCCAATAGCAATCATCTTCCTTTGGGCACGAGCCACTCTCCCACGATATCGATACGACCTACTCATAGCAATAGCCTGAAAATCTTTTCTCCCAGTAAGATTAATTATTCTATTAGCATCTACCCCACTTATATTCATTATAGGATAATCAAACACAATGCTGGGA
ALL3,,CACTCATTACATACCTTCTAATCCTATTAGGCGTAGCATTCTTTACCCTCCTTGAACGCAAAGCTTTGGGGTACTTTCAAATCCGAAAAGGTCCAAATAAGGTCGGAATTATGGGGATCCCACAACCATTAGCAGACGCCCTAAAACTTTTTGTGAAAGAGTGAGTAATACCAACATCCTCAAATTACTTACCATTTATTTTAACCCCAACAATCATATTAATTTTAGCACTTAGATTATGGCAGCTATTTCCATCCTTCATATTGTCATTTCAAATAATCCTTGGAATACTACTATTTTTGTGTATTTCCTCTTTAACCGTCTACACAACCTTAATAGCAGGTTGAGCCTCAAACTCAAAATATGCTCTCCTAGGAGCTATTCGAGCTATAGCCCAAACCATTTCATACGAAGTAACGATAACACTAATTATTATCTTCTATCTGTTCTTAGCTATACAAATAGATGTGGTAACAATCCGCTCAATTAATACCTCTATGCCTACCTTTACCCTATCCATACCATTAGCTATTATATGGACTGTCGTCATCCTAGCGGAAACAAACCGAACCCCGTTTGACTTCGCTGAAGGAGAATCAGAACTAGTCTCTGGATTTAACATTGAGTACGGCGGAGCCGGATTTGCCTTCCTATTCATGGCCGAGTACAGAAACATCTTAATAATAAGACTTCTTACTGCCTGCATGCTGACAGGCACCTTACTAATATCAACCCCAATAGCAATCATCTTCCTTTGGGCACGAGCCACTCTCCCACGATATCGATACGACCTACTCATAGCAATAGCCTGAAAATCTTTTCTCCCAGTAAGATTAATTATTCTATTAGCATCTACCCCACTTATATTCATTATAGGATAATCAAACACAATGCTGGGA
ALL4,,CACTCATTACATACCTTCTAATCCTATTAGGCGTAGCATTCTTTACCCTCCTTGAACGCAAAGCTTTGGGGTACTTTCAAATCCGAAAAGGTCCAAATAAGGTCGGAATTATGGGGATCCCACAACCATTAGCAGACGCCCTAAAACTTTTTGTGAAAGAGTGAGTAATACCAACATCCTCAAATTACTTACCATTTATTTTAACCCCAACAATCATATTAATTTTAGCACTTAGATTATGGCAGCTATTTCCATCCTTCATATTGTCATTTCAAATAATCCTTGGAATACTACTATTTTTGTGTATTTCCTCTTTAACCGTCTACACAACCTTAATAGCAGGTTGAGCCTCAAACTCAAAATATGCTCTCCTAGGAGCTATTCGAGCTATAGCCCAAACCATTTCATACGAAGTAACGATAACACTAATTATTATCTTCTATCTGTTCTTAGCTATACAAATAGATGTGGTAACAATCCGCTCAATTAATACCTCTATGCCTACCTTTACCCTATCCATACCATTAGCTATTATATGGACTGTCGTCATCCTAGCGGAAACAAACCGAACCCCGTTTGACTTCGCTGAAGGAGAATCAGAACTAGTCTCTGGATTTAACATTGAGTACGGCGGAGCCGGATTTGCCTTCCTATTCATGGCCGAGTACAGAAACATCTTAATAATAAGACTTCTTACTGCCTGCATGCTGACAGGCACCTTACTAATATCAACCCCAATAGCAATCATCTTCCTTTGGGCACGAGCCACTCTCCCACGATATCGATACGACCTACTCATAGCAATAGCCTGAAAATCTTTTCTCCCAGTAAGATTAATTATTCTATTAGCATCTACCCCACTTATATTCATTATAGGATAATCAAACACAATGCTGGGA
ALL5,,CACTCATTACATACCTTCTAATCCTATTAGGCGTAGCATTCTTTACCCTCCTTGAACGCAAAGCTTTGGGGTACTTTCAAATCCGAAAAGGTCCAAATAAGGTCGGAATTATGGGGATCCCACAACCATTAGCAGACGCCCTAAAACTTTTTGTGAAAGAGTGAGTAATACCAACATCCTCAAATTACTTACCATTTATTTTAACCCCAACAATCATATTAATTTTAGCACTTAGATTATGGCAGCTATTTCCATCCTTCATATTGTCATTTCAAATAATCCTTGGAATACTACTATTTTTGTGTATTTCCTCTTTAACCGTCTACACAACCTTAATAGCAGGTTGAGCCTCAAACTCAAAATATGCTCTCCTAGGAGCTATTCGAGCTATAGCCCAAACCATTTCATACGAAGTAACGATAACACTAATTATTATCTTCTATCTGTTCTTAGCTATACAAATAGATGTGGTAACAATCCGCTCAATTAATACCTCTATGCCTACCTTTACCCTATCCATACCATTAGCTATTATATGGACTGTCGTCATCCTAGCGGAAACAAACCGAACCCCGTTTGACTTCGCTGAAGGAGAATCAGAACTAGTCTCTGGATTTAACATTGAGTACGGCGGAGCCGGATTTGCCTTCCTATTCATGGCCGAGTACAGAAACATCTTAATAATAAGACTTCTTACTGCCTGCATGCTGACAGGCACCTTACTAATATCAACCCCAATAGCAATCATCTTCCTTTGGGCACGAGCCACTCTCCCACGATATCGATACGACCTACTCATAGCAATAGCCTGAAAATCTTTTCTCCCAGTAAGATTAATTATTCTATTAGCATCTACCCCACTTATATTCATTATAGGATAATCAAACACAATGCTGGGA
ALL6,,CACTCATTACATACCTTCTAATCCTATTAGGCGTAGCATTCTTTACCCTCCTTGAACGCAAAGCTTTGGGGTACTTTCAAATCCGAAAAGGTCCAAATAAGGTCGGAATTATGGGGATCCCACAACCATTAGCAGACGCCCTAAAACTTTTTGTGAAAGAGTGAGTAATACCAACATCCTCAAATTACTTACCATTTATTTTAACCCCAACAATCATATTAATTTTAGCACTTAGATTGTGGCAGCTATTTCCATCCTTCATATTGTCATTTCAAATAATCCTTGGAATACTACTATTTTTGTGTATTTCCTCTTTAACCGTCTACACAACCTTAATAGCAGGTTGAGCCTCAAACTCAAAATATGCTCTCCTAGGAGCTATTCGAGCTATAGCCCAAACCATTTCATACGAAGTAACGATAACACTAATTATTATCTTCTATCTGTTCTTAGCTATACAAATAGATGTGGTAACAATCCGCTCAATTAATACCTCTATGCCTACCTTTACCCTATCCATACCATTAGCTATTATATGGACTGTCGTCATCCTAGCGGAAACAAACCGAGCCCCGTTTGACTTCGCTGAAGGAGAATCAGAACTAGTCTCTGGGTTTAACATTGAGTACGGCGGAGCCGGATTTGCCTTCCTATTCATGGCCGAGTACAGAAACATCTTAATAATAAGACTTCTTACTGCCTGCATGCTGACAGGCACCTTACTAATATCAACCCCAATAGCAATCATCTTCCTTTGGGCACGAGCCACTCTCCCACGATATCGATACGACCTACTCATAGCAATAGCCTGAAAATCTTTTCTCCCAGTAAGATTAATTATTCTATTAGCATCTACCCCACTTATATTCATTATAGGATAATCAAACACAATGCTGGGA
ALL7,,CACTCATTACATACCTTCTAATCCTATTAGGCGTAGCATTCTTTACCCTCCTTGAACGCAAAGCTTTGGGGTACTTTCAAATCCGAAAAGGTCCAAATAAGGTCGGAATTATGGGGATCCCACAACCATTAGCAGACGCCCTAAAACTTTTTGTGAAAGAGTGAGTAATACCAACATCCTCAAATTACTTACCATTTATTTTAACCCCAACAATCATATTAATTTTAGCACTTAGATTATGGCAGCTATTTCCATCCTTCATATTGTCATTTCAAATAATCCTTGGAATACTACTATTTTTGTGTATTTCCTCTTTAACCGTCTACACAACCTTAATAGCAGGTTGAGCCTCAAACTCAAAATATGCTCTCCTAGGAGCTATTCGAGCTATAGCCCAAACCATTTCATACGAAGTAACGATAACACTAATTATTATCTTCTATCTGTTCTTAGCTATACAAATAGATGTGGTAACAATCCGCTCAATTAATACCTCTATACCTACCTTTACCCTATCCATACCATTAGCTATTATATGGACTGTCGTCATCCTAGCGGAAACAAACCGAGCCCCGTTTGACTTCGCTGAAGGAGAATCAGAACTAGTCTCTGGGTTTAACATTGAGTACGGCGGAGCCGGATTTGCCTTCCTATTCATGGCCGAGTACAGAAACATCTTAATAATAAGACTTCTTACTGCCTGCATGCTGACAGGCACCTTACTAATATCAACCCCAATAGCAATCATCTTCCTTTGGGCACGAGCCACTCTCCCACGATATCGATACGACCTACTCATAGCAATAGCCTGAAAATCTTTTCTCCCAGTAAGATTAATTATTCTATTAGCATCTACCCCACTTATATTCATTATAGGATAATCAAACACAATGCTGGGA
ALL8,,CACTCATTACATACCTTCTAATCCTATTAGGCGTAGCATTCTTTACCCTCCTTGAACGCAAAGCTTTGGGGTACTTTCAAATCCGAAAAGGTCCAAATAAGGTCGGAATTATGGGGATCCCACAACCATTAGCAGACGCCCTAAAACTTTTTGTGAAAGAGTGAGTAATACCAACATCCTCAAATTACTTACCATTTATTTTAACCCCAACAATCATATTAATTTTAGCACTTAGATTATGGCAGCTATTTCCATCCTTCATATTGTCATTTCAAATAATCCTTGGAATACTACTATTTTTGTGTATTTCCTCTTTAACCGTCTACACAACCTTAATAGCAGGTTGAGCCTCAAACTCAAAATATGCTCTCCTAGGAGCTATTCGAGCTATAGCCCAAACCATTTCATACGAAGTAACGATAACACTAATTATTATCTTCTATCTGTTCTTAGCTATACAAATAGATGTGGTAACAATCCGCTCAATTAATACCTCTATGCCTACCTTTACCCTATCCATACCATTAGCTATTATATGGACTGTCGTCATCCTAGCGGAAACAAACCGAGCCCCGTTTGACTTCGCTGAAGGAGAATCAGAACTAGTCTCTGGATTTAACATTGAGTACGGCGGAGCCGGATTTGCCTTCCTATTCATGGCCGAGTACAGAAACATCTTAATAATAAGACTTCTTACTGCCTGCATGCTGACAGGCACCTTACTAATATCAACCCCAATAGCAATCATCTTCCTTTGGGCACGAGCCACTCTCCCACGATATCGATACGACCTACTCATAGCAATAGCCTGAAAATCTTTTCTCCCAGTAAGATTAATTATTCTATTAGCATCTACCCCACTTATATTCATTATAGGATAATCAAACACAATGCTGGGA
ALL9,,CACTCATTACATACCTTCTAATCCTATTAGGCGTAGCATTCTTTACCCTCCTTGAACGCAAAGCTTTGGGGTACTTTCAAATCCGAAAAGGCCCAAATAAGGTCGGAATTATGGGGATCCCACAACCATTAGCAGACGCCCTAAAACTTTTTGTGAAAGAGTGAGTAATACCAACATCCTCAAATTACTTACCATTTATTTTAACCCCAACAATCATATTAATTTTAGCACTTAGATTATGGCAGCTATTTCCATCCTTCATATTGTCATTTCAAATAATCCTTGGAATACTACTATTTTTGTGTATTTCCTCTTTAACCGTCTACACAACCTTAATAGCAGGTTGAGCCTCAAACTCAAAATATGCTCTCCTAGGAGCTATTCGAGCTATAGCCCAAACCATTTCATACGAAGTAACGATAACACTAATTATTATCTTCTATCTGTTCTTAGCTATACAAATAGATGTGGTAACAATCCGCTCAATTAATACCTCTATGCCTACCTTTACCCTATCCATACCATTAGCTATTATATGGACTGTCGTCATCCTAGCGGAAACAAACCGAACCCCGTTTGACTTCGCTGAAGGAGAATCAGAACTAGTCTCTGGATTTAACATTGAGTACGGCGGAGCCGGATTTGCCTTCCTATTCATGGCCGAGTACAGAAACATCTTAATAATAAGACTTCTTACTGCCTGCATGCTGACAGGCACCTTACTAATATCAACCCCAATAGCAATCATCTTCCTTTGGGCACGAGCCACTCTCCCACGATATCGATACGACCTACTCATAGCAATAGCCTGAAAATCTTTTCTCCCAGTAAGATTAATTATTCTATTAGCATCTACCCCACTTATATTCATTATAGGATAATCAAACACAATGCTGGGA
ALL10,,CACTCATTACATACCTTCTAATCCTATTAGGCGTAGCATTCTTTACCCTCCTTGAACGCAAAGCTTTGGGGTACTTTCAAATCCGAAAAGGTCCAAATAAGGTCGGAATTATGGGGATCCCACAACCATTAGCAGACGCCCTAAAACTTTTTGTGAAAGAGTGAGTAATACCAACATCCTCAAATTACTTACCATTTATTTTAACCCCAACAATCATATTAATTTTAGCACTTAGATTATGGCAGCTATTTCCATCCTTCATATTGTCATTTCAAATAATCCTTGGAATACTACTATTTTTGTGTATTTCCTCTTTAACCGTCTACACAACCTTAATAGCAGGTTGAGCCTCAAACTCAAAATATGCTCTCCTAGGAGCTATTCGAGCTATAGCCCAAACCATTTCATACGAAGTAACGATAACACTAATTATTATCTTCTATCTGTTCTTAGCTATACAAATAGATGTGGTAACAATCCGCTCAATTAATACCTCTATGCCTACCTTTACCCTATCCATACCATTAGCTATTATATGGACTGTCGTCATCCTAGCGGAAACAAACCGAACCCCGTTTGACTTCGCTGAAGGAGAATCAGAACTAGTCTCTGGATTTAACATTGAGTACGGCGGAGCCGGATTTGCCTTCCTATTCATGGCCGAGTACAGAAACATCTTAATAATAAGACTTCTTACTGCCTGCATGCTGACAGGCACCTTACTAATATCAACCCCAATAGCAATCATCTTCCTTTGGGCACGAGCCACTCTCCCACGATATCGATACGACCTACTCATAGCAATAGCCTGAAAATCTTTTCTCCCAGTAAGATTAATTATTCTATTAGCATCTACCCCACTTATATTCATTATAGGATAATCAAACACAATGCTGGGA
ALL11,,CACTCATTACATACCTTCTAATCCTATTAGGCGTAGCATTCTTTACCCTCCTTGAACGCAAAGCTTTGGGGTACTTTCAAATCCGAAAAGGTCCAAATAAGGTCGGAATTATGGGGATCCCACAACCATTAGCAGACGCCCTAAAACTTTTTGTGAAAGAGTGAGTAATACCAACATCCTCAAATTACTTACCATTTATTTTAACCCCAACAATCATATTAATTTTAGCACTTAGATTATGGCAGCTATTTCCATCCTTCATATTGTCATTTCAAATAATCCTTGGAATACTACTATTTTTGTGTATTTCCTCTTTAACCGTCTACACAACCTTAATAGCAGGTTGAGCCTCAAACTCAAAATATGCTCTCCTAGGAGCTATTCGAGCTATAGCCCAAACCATTTCATACGAAGTAACGATAACACTAATTATTATCTTCTATCTGTTCTTAGCTATACAAATAGATGTGGTAACAATCCGCTCAATTAATACCTCTATGCCTACCTTTACCCTATCCATACCATTAGCTATTATATGGACTGTCGTCATCCTAGCGGAAACAAACCGAACCCCGTTTGACTTCGCTGAAGGAGAATCAGAACTAGTCTCTGGATTTAACATTGAGTACGGCGGAGCCGGATTTGCCTTCCTATTCATGGCCGAGTACAGAAACATCTTAATAATAAGACTTCTTACTGCCTGCATGCTGACAGGCACCTTACTAATATCAACCCCAATAGCAATCATCTTCCTTTGGGCACGAGCCACTCTCCCACGATATCGATACGACCTACTCATAGCAATAGCCTGAAAATCTTTTCTCCCAGTAAGATTAATTATTCTATTAGCATCTACCCCACTTATATTCATTATAGGATAATCAAACACAATGCTGGGA
ALL12,,CACTCATTACATACCTTCTAATCCTATTAGGCGTAGCATTCTTTACCCTCCTTGAACGCAAAGCTTTGGGGTACTTTCAAATCCGAAAAGGTCCAAATAAGGTCGGAATTATGGGGATCCCACAACCATTAGCAGACGCCCTAAAACTTTTTGTGAAAGAGTGAGTAATACCAACATCCTCAAATTACTTACCATTTATTTTAACCCCAACAATCATATTAATTTTAGCACTTAGATTATGGCAGCTATTTCCATCCTTCATATTGTCATTTCAAATAATCCTTGGAATACTACTATTTTTGTGTATTTCCTCTTTAACCGTCTACACAACCTTAATAGCAGGTTGAGCCTCAAACTCAAAATATGCTCTCCTAGGAGCTATTCGAGCTATAGCCCAAACCATTTCATACGAAGTAACGATAACACTAATTATTATCTTCTATCTGTTCTTAGCTATACAAATAGATGTGGTAACAATCCGCTCAATTAATACCTCTATGCCTACCTTTACCCTATCCATACCATTAGCTATTATATGGACTGTCGTCATCCTAGCGGAAACAAACCGAACCCCGTTTGACTTCGCTGAAGGAGAATCAGAACTAGTCTCTGGATTTAACATTGAGTACGGCGGAGCCGGATTTGCCTTCCTATTCATGGCCGAGTACAGAAACATCTTAATAATAAGACTTCTTACTGCCTGCATGCTGACAGGCACCTTACTAATATCAACCCCAATAGCAATCATCTTCCTTTGGGCACGAGCCACTCTCCCACGATATCGATACGACCTACTCATAGCAATAGCCTGAAAATCTTTTCTCCCAGTAAGATTAATTATTCTATTAGCATCTACCCCACTTATATTCATTATAGGATAATCAAACACAATGCTGGGA
ALL13,,CACTCATTACATACCTTCTAATCCTATTAGGCGTAGCATTCTTTACCCTCCTTGAACGCAAAGCTTTGGGGTACTTTCAAATCCGAAAAGGTCCAAATAAGGTCGGAATTATGGGGATCCCACAACCATTAGCAGACGCCCTAAAACTTTTTGTGAAAGAGTGAGTAATACCAACATCCTCAAATTACTTACCATTTATTTTAACCCCAACAATCATATTAATTTTAGCACTTAGATTATGGCAGCTATTTCCATCCTTCATATTGTCATTTCAAATAATCCTTGGAATACTACTATTTTTGTGTATTTCCTCTTTAACCGTCTACACAACCTTAATAGCAGGTTGAGCCTCAAACTCAAAATATGCTCTCCTAGGAGCTATTCGAGCTATAGCCCAAACCATTTCATACGAAGTAACGATAACACTAATTATTATCTTCTATCTGTTCTTAGCTATACAAATAGATGTGGTAACAATCCGCTCAATTAATACCTCTATGCCTACCTTTACCCTATCCATACCATTAGCTATTATATGGACTGTCGTCATCCTAGCGGAAACAAACCGAACCCCGTTTGACTTCGCTGAAGGAGAATCAGAACTAGTCTCTGGATTTAACATTGAGTACGGCGGAGCCGGATTTGCCTTCCTATTCATGGCCGAGTACAGAAACATCTTAATAATAAGACTTCTTACTGCCTGCATGCTGACAGGCACCTTACTAATATCAACCCCAATAGCAATCATCTTCCTTTGGGCACGAGCCACTCTCCCACGATATCGATACGACCTACTCATAGCAATAGCCTGAAAATCTTTTCTCCCAGTAAGATTAATTATTCTATTAGCATCTACCCCACTTATATTCATTATAGGATAATCAAACACAATGCTGGGA
ALL14,,CACTCATTACATACCTTCTAATCCTATTAGGCGTAGCATTCTTTACCCTCCTTGAACGCAAAGCTTTGGGGTACTTTCAAATCCGAAAAGGTCCAAATAAGGTCGGAATTATGGGGATCCCACAACCATTAGCAGACGCCCTAAAACTTTTTGTGAAAGAGTGAGTAATACCAACATCCTCAAATTACTTACCATTTATTTTAACCCCAACAATCATATTAATTTTAGCACTTAGATTATGGCAGCTATTTCCATCCTTCATATTGTCATTTCAAATAATCCTTGGAATACTACTATTTTTGTGTATTTCCTCTTTAACCGTCTACACAACCTTAATAGCAGGTTGAGCCTCAAACTCAAAATATGCTCTCCTAGGAGCTATTCGAGCTATAGCCCAAACCATTTCATACGAAGTAACGATAACACTAATTATTATCTTCTATCTGTTCTTAGCTATACAAATAGATGTGGTAACAATCCGCTCGATTAATACCTCTATGCCTACCTTTACCCTATCCATACCATTAGCTATTATATGGACTGTCGTCATCCTAGCGGAAACAAACCGAGCCCCGTTTGACTTCGCTGAAGGAGAATCAGAACTAGTCTCTGGGTTTAACATTGAGTACGGCGGAGCCGGATTTGCCTTCCTATTCATGGCCGAGTACAGAAACATCTTAATAATAAGACTTCTTACTGCCTGCATGCTGACAGGCACCTTACTAATATCAACCCCGATAGCAATCATCTTCCTTTGGGCACGAGCCACTCTCCCACGATATCGATACGACCTACTCATAGCAATAGCCTGAAAATCTTTTCTCCCAGTAAGATTAATTATTCTATTAGCATCTACCCCACTTATATTCATTATAGGATAATCAAACACAATGCTGGGA
ALL15,,CACTCATTACATACCTTCTAATCCTATTAGGCGTAGCATTCTTTACCCTCCTTGAACGCAAAGCTTTGGGGTACTTTCAAATCCGAAAAGGTCCAAATAAGGTCGGAATTATGGGGATCCCACAACCATTAGCAGACGCCCTAAAACTTTTTGTGAAAGAGTGAGTAATACCAACATCCTCAAATTACTTACCATTTATTTTAACCCCAACAATCATATTAATTTTAGCACTTAGATTATGGCAGCTATTTCCATCCTTCATATTGTCATTTCAAATAATCCTTGGAATACTACTATTTTTGTGTATTTCCTCTTTAACCGTCTACACAACCTTAATAGCAGGTTGAGCCTCAAACTCAAAATATGCTCTCCTAGGAGCTATTCGAGCTATAGCCCAAACCATTTCATACGAAGTAACGATAACACTAATTATTATCTTCTATCTGTTCTTAGCTATACAAATAGATGTGGTAACAATCCGCTCGATTAATACCTCTATGCCTACCTTTACCCTATCCATACCATTAGCTATTATATGGACTGTCGTCATCCTAGCGGAAACAAACCGAGCCCCGTTTGACTTCGCTGAAGGAGAATCAGAACTAGTCTCTGGGTTTAACATTGAGTACGGCGGAGCCGGATTTGCCTTCCTATTCATGGCCGAGTACAGAAACATCTTAATAATAAGACTTCTTACTGCCTGCATGCTGACAGGCACCTTACTAATATCAACCCCGATAGCAATCATCTTCCTTTGGGCACGAGCCACTCTCCCACGATATCGATACGACCTACTCATAGCAATAGCCTGAAAATCTTTTCTCCCAGTAAGATTAATTATTCTATTAGCATCTACCCCACTTATATTCATTATAGGATAATCAAACACAATGCTGGGA
ALL16,,CACTCATTACATACCTTCTAATCCTATTAGGCGTAGCATTCTTTACCCTCCTTGAACGCAAAGCTTTGGGGTACTTTCAAATCCGAAAAGGTCCAAATAAGGTCGGAATTATGGGGATCCCACAACCATTAGCAGACGCCCTAAAACTTTTTGTGAAAGAGTGAGTAATACCAACATCCTCAAATTACTTACCATTTATTTTAACCCCAACAATCATATTAATTTTAGCACTTAGATTATGGCAGCTATTTCCATCCTTCATATTGTCATTTCAAATAATCCTTGGAATACTACTATTTTTGTGTATTTCCTCTTTAACCGTCTACACAACCTTAATAGCAGGTTGAGCCTCAAACTCAAAATATGCTCTCCTAGGAGCTATTCGAGCTATAGCCCAAACCATTTCATACGAAGTAACGATAACACTAATTATTATCTTCTATCTGTTCTTAGCTATACAAATAGATGTGGTAACAATCCGCTCAATTAATACCTCTATGCCTACCTTTACCCTATCCATACCATTAGCTATTATATGGACTGTCGTCATCCTAGCGGAAACAAACCGAACCCCGTTTGACTTCGCTGAAGGAGAATCAGAACTAGTCTCTGGATTTAACATTGAGTACGGCGGAGCCGGATTTGCCTTCCTATTCATGGCCGAGTACAGAAACATCTTAATAATAAGACTTCTTACTGCCTGCATGCTGACAGGCACCTTACTAATATCAACCCCAATAGCAATCATCTTCCTTTGGGCACGAGCCACTCTCCCACGATATCGATACGACCTACTCATAGCAATAGCCTGAAAATCTTTTCTCCCAGTAAGATTAATTATTCTATTAGCATCTACCCCACTTATATTCATTATAGGATAATCAAACACAATGCTGGGA
ALL17,,CACTCATTACATACCTTCTAATCCTATTAGGCGTAGCATTCTTTACCCTCCTTGAACGCAAAGCTTTGGGGTACTTTCAAATCCGAAAAGGTCCAAATAAGGTCGGAATTATGGGGATCCCACAACCATTAGCAGACGCCCTAAAACTTTTTGTGAAAGAGTGAGTAATACCAACATCCTCAAATTACTTACCATTTATTTTAACCCCAACAATCATATTAATTTTAGCACTTAGATTGTGGCAGCTATTTCCATCCTTCATATTGTCATTTCAAATAATCCTTGGAATACTACTATTTTTGTGTATTTCCTCTTTAACCGTCTACACAACCTTAATAGCAGGTTGAGCCTCAAACTCAAAATATGCTCTCCTAGGAGCTATTCGAGCTATAGCCCAAACCATTTCATACGAAGTAACGATAACACTAATTATTATCTTCTATCTGTTCTTAGCTATACAAATAGATGTGGTAACAATCCGCTCAATTAATACCTCTATGCCTACCTTTACCCTATCCATACCATTAGCTATTATATGGACTGTCGTCATCCTAGCGGAAACAAACCGAGCCCCGTTTGACTTCGCTGAAGGAGAATCAGAACTAGTCTCTGGGTTTAACATTGAGTACGGCGGAGCCGGATTTGCCTTCCTATTCATGGCCGAGTACAGAAACATCTTAATAATAAGACTTCTTACTGCCTGCATGCTGACAGGCACCTTACTAATATCAACCCCAATAGCAATCATCTTCCTTTGGGCACGAGCCACTCTCCCACGATATCGATACGACCTACTCATAGCAATAGCCTGAAAATCTTTTCTCCCAGTAAGATTAATTATTCTATTAGCATCTACCCCACTTATATTCATTATAGGATAATCAAACAAAATGCTGGGA
ALL18,,CACTCATTACATACCTTCTAATCCTATTAGGCGTAGCATTCTTTACCCTCCTTGAACGCAAAGCTTTGGGGTACTTTCAAATCCGAAAAGGTCCAAATAAGGTCGGAATTATGGGGATCCCACAACCATTAGCAGACGCCCTAAAACTTTTTGTGAAAGAGTGAGTAATACCAACATCCTCAAATTACTTACCATTTATTTTAACCCCAACAATCATATTAATTTTAGCACTTAGATTATGGCAGCTATTTCCATCCTTCATATTGTCATTTCAAATAATCCTTGGAATACTACTATTTTTGTGTATTTCCTCTTTAACCGTCTACACAACCTTAATAGCAGGTTGAGCCTCAAACTCAAAATATGCTCTCCTAGGAGCTATTCGAGCTATAGCCCAAACCATTTCATACGAAGTAACGATAACACTAATTATTATCTTCTATCTGTTCTTAGCTATACAAATAGATGTGGTAACAATCCGCTCAATTAATACCTCTATGCCTACCTTTACCCTATCCATACCATTAGCTATTATATGGACTGTCGTCATCCTAGCGGAAACAAACCGAGCCCCGTTTGACTTCGCTGAAGGAGAATCAGAACTAGTCTCTGGGTTTAACATTGAGTACGGCGGAGCCGGATTTGCCTTCCTATTCATGGCCGAGTACAGAAACATCTTAATAATAAGACTTCTTACTGCCTGCATGCTGACAGGCACCTTACTAATATCAACCCCAATAGCAATCATCTTCCTTTGGGCACGAGCCACTCTCCCACGATATCGATACGACCTACTCATAGCAATAGCCTGAAAATCTTTTCTCCCAGTAAGATTAATTATTCTATTAGCATCTACCCCACTTATATTCATTATAGGATAATCAAACAAAATGCTGGGA
ALL19,,CACTCATTACATACCTTCTAATCCTATTAGGCGTAGCATTCTTTACCCTCCTTGAACGCAAAGCTTTGGGGTACTTTCAAATCCGAAAAGGTCCAAATAAGGTCGGAATTATGGGGATCCCACAACCATTAGCAGACGCCCTAAAACTTTTTGTGAAAGAGTGAGTAATACCAACATCCTCAAATTACTTACCATTTATTTTAACCCCAACAATCATATTAATTTTAGCACTTAGATTGTGGCAGCTATTTCCATCCTTCATATTGTCATTTCAAATAATCCTTGGAATACTACTATTTTTGTGTATTTCCTCTTTAACCGTCTACACAACCTTAATAGCAGGTTGAGCCTCAAACTCAAAATATGCTCTCCTAGGAGCTATTCGAGCTATAGCCCAAACCATTTCATACGAAGTAACGATAACACTAATTATTATCTTCTATCTGTTCTTAGCTATACAAATAGATGTGGTAACAATCCGCTCAATTAATACCTCTATACCTACCTTTACCCTATCCATACCATTAGCTATTATATGGACTGTCGTCATCCTAGCGGAAACAAACCGAGCCCCGTTTGACTTCGCTGAAGGAGAATCAGAACTAGTCTCTGGGTTTAACATTGAGTACGGCGGAGCCGGATTTGCCTTCCTATTCATGGCCGAGTACAGAAACATCTTAATAATAAGACTTCTTACTGCCTGCATGCTGACAGGCACCTTACTAATATCAACCCCAATAGCAATCATCTTCCTTTGGGCACGAGCCACTCTCCCACGATATCGATACGACCTACTCATAGCAATAGCCTGAAAATCTTTTCTCCCAGTAAGATTAATTATTCTATTAGCATCTACCCCACTTATATTCATTATAGGATAATCAAACACAATGCTGGGA
ALL20,,CACTCATTACATACCTTCTAATCCTATTAGGCGTAGCATTCTTTACCCTCCTTGAACGCAAAGCTTTGGGGTACTTTCAAATCCGAAAAGGTCCAAATAAGGTCGGAATTATGGGGATCCCACAACCATTAGCAGACGCCCTAAAACTTTTTGTGAAAGAGTGAGTAATACCAACATCCTCAAATTACTTACCATTTATTTTAACCCCAACAATCATATTAATTTTAGCACTTAGATTATGGCAGCTATTTCCATCCTTCATATTGTCATTTCAAATAATCCTTGGAATACTACTATTTTTGTGTATTTCCTCTTTAACCGTCTACACAACCTTAATAGCAGGTTGAGCCTCAAACTCAAAATATGCTCTCCTAGGAGCTATTCGAGCTATAGCCCAAACCATTTCATACGAAGTAACGATAACACTAATTATTATCTTCTATCTGTTCTTAGCTATACAAATAGATGTGGTAACAATCCGCTCAATTAATACCTCTATACCTACCTTTACCCTATCCATACCATTAGCTATTATATGGACTGTCGTCATCCTAGCGGAAACAAACCGAGCCCCGTTTGACTTCGCTGAAGGAGAATCAGAACTAGTCTCTGGGTTTAACATTGAGTACGGCGGAGCCGGATTTGCCTTCCTATTCATGGCCGAGTACAGAAACATCTTAATAATAAGACTTCTTACTGCCTGCATGCTGACAGGCACCTTACTAATATCAACCCCAATAGCAATCATCTTCCTTTGGGCACGAGCCACTCTCCCACGATATCGATACGACCTACTCATAGCAATAGCCTGAAAATCTTTTCTCCCAGTAAGATTAATTATTCTATTAGCATCTACCCCACTTATATTCATTATAGGATAATCAAACACAATGCTGGGA
ALL21,,CACTCATTACATACCTTCTAATCCTATTAGGCGTAGCATTCTTTACCCTCCTTGAACGCAAAGCTTTGGGGTACTTTCAAATCCGAAAAGGTCCAAATAAGGTCGGAATTATGGGGATCCCACAACCATTAGCAGACGCCCTAAAACTTTTTGTGAAAGAGTGAGTAATACCAACATCCTCAAATTACTTACCATTTATTTTAACCCCAACAATCATATTAATTTTAGCACTTAGATTGTGGCAGCTATTTCCATCCTTCATATTGTCATTTCAAATAATCCTTGGAATACTACTATTTTTGTGTATTTCCTCTTTAACCGTCTACACAACCTTAATAGCAGGTTGAGCCTCAAACTCAAAATATGCTCTCCTAGGAGCTATTCGAGCTATAGCCCAAACCATTTCATACGAAGTAACGATAACACTAATTATTATCTTCTATCTGTTCTTAGCTATACAAATAGATGTGGTAACAATCCGCTCAATTAATACCTCTATGCCTACCTTTACCCTATCCATACCATTAGCTATTATATGGACTGTCGTCATCCTAGCGGAAACAAACCGAGCCCCGTTTGACTTCGCTGAAGGAGAATCAGAACTAGTCTCTGGGTTTAACATTGAGTACGGCGGAGCCGGATTTGCCTTCCTATTCATGGCCGAGTACAGAAACATCTTAATAATAAGACTTCTTACTGCCTGCATGCTGACAGGCACCTTACTAATATCAACCCCAATAGCAATCATCTTCCTTTGGGCACGAGCCACTCTCCCACGATATCGATACGACCTACTCATAGCAATAGCCTGAAAATCTTTTCTCCCAGTAAGATTAATTATTCTATTAGCATCTACCCCACTTATATTCATTATAGGATAATCAAACACAATGCTGGGA
ALL22,,CACTCATTACATACCTTCTAATCCTATTAGGCGTAGCATTCTTTACCCTCCTTGAACGCAAAGCTTTGGGGTACTTTCAAATCCGAAAAGGTCCAAATAAGGTCGGAATTATGGGGATCCCACAACCATTAGCAGACGCCCTAAAACTTTTTGTGAAAGAGTGAGTAATACCAACATCCTCAAATTACTTACCATTTATTTTAACCCCAACAATCATATTAATTTTAGCACTTAGATTGTGGCAGCTATTTCCATCCTTCATATTGTCATTTCAAATAATCCTTGGAATACTACTATTTTTGTGTATTTCCTCTTTAACCGTCTACACAACCTTAATAGCAGGTTGAGCCTCAAACTCAAAATATGCTCTCCTAGGAGCTATTCGAGCTATAGCCCAAACCATTTCATACGAAGTAACGATAACACTAATTATTATCTTCTATCTGTTCTTAGCTATACAAATAGATGTGGTAACAATCCGCTCAATTAATACCTCTATGCCTACCTTTACCCTATCCATACCATTAGCTATTATATGGACTGTCGTCATCCTAGCGGAAACAAACCGAGCCCCGTTTGACTTCGCTGAAGGAGAATCAGAACTAGTCTCTGGGTTTAACATTGAGTACGGCGGAGCCGGATTTGCCTTCCTATTCATGGCCGAGTACAGAAACATCTTAATAATAAGACTTCTTACTGCCTGCATGCTGACAGGCACCTTACTAATATCAACCCCAATAGCAATCATCTTCCTTTGGGCACGAGCCACTCTCCCACGATATCGATACGACCTACTCATAGCAATAGCCTGAAAATCTTTTCTCCCAGTAAGATTAATTATTCTATTAGCATCTACCCCACTTATATTCATTATAGGATAATCAAACACAATGCTGGGA
TIPP1,,CACTCATTACATACCTTCTAATCCTATTAGGCGTAGCATTCTTTACCCTCCTTGAACGCAAAGCTTTGGGGTACTTTCAAATCCGAAAAGGTCCAAATAAGGTCGGAATTATGGGGATCCCACAACCATTAGCAGACGCCCTAAAACTTTTTGTGAAAGAGTGAGTAATACCAACATCCTCAAATTACTTACCATTTATTTTAACCCCAACAATCATATTAATTTTAGCACTTAGATTATGGCAGCTATTTCCATCCTTCATATTGTCATTTCAAATAATCCTTGGAATACTACTATTTTTGTGTATTTCCTCTTTAACCGTCTACACAACCTTAATAGCAGGTTGAGCCTCAAACTCAAAATATGCTCTCCTAGGAGCTATTCGAGCTATAGCCCAAACCATTTCATACGAAGTAACGATAACACTAATTATTATCTTCTATCTGTTCTTAGCTATACAAATAGATGTGGTAACAATCCGCTCAATTAATACCTCTATACCTACCTTTACCCTATCCATACCATTAGCTATTATATGGACTGTCGTCATCCTAGCGGAAACAAACCGAGCCCCGTTTGACTTCGCTGAAGGAGAATCAGAACTAGTCTCTGGGTTTAACATTGAGTACGGCGGAGCCGGATTTGCCTTCCTATTCATGGCCGAGTACAGAAACATCTTAATAATAAGACTTCTTACTGCCTGCATGCTGACAGGCACCTTACTAATATCAACCCCAATAGCAATCATCTTCCTTTGGGCACGAGCCACTCTCCCACGATATCGATACGACCTACTCATAGCAATAGCCTGAAAATCTTTTCTCCCAGTAAGATTAATTATTCTATTAGCATCTACCCCACTTATATTCATTATAGGATAATCAAACACAATGCTGGGA
TIPP2,,CACTCATTACATACCTTCTAATCCTATTAGGCGTAGCATTCTTTACCCTCCTTGAACGCAAAGCTTTGGGGTACTTTCAAATCCGAAAAGGTCCAAATAAGGTCGGAATTATGGGGATCCCACAACCATTAGCAGACGCCCTAAAACTTTTTGTGAAAGAGTGAGTAATACCAACATCCTCAAATTACTTACCATTTATTTTAACCCCAACAATCATATTAATTTTAGCACTTAGATTATGGCAGCTATTTCCATCCTTCATATTGTCATTTCAAATAATCCTTGGAATACTACTATTTTTGTGTATTTCCTCTTTAACCGTCTACACAACCTTAATAGCAGGTTGAGCCTCAAACTCAAAATATGCTCTCCTAGGAGCTATTCGAGCTATAGCCCAAACCATTTCATACGAAGTAACGATAACACTAATTATTATCTTCTATCTGTTCTTAGCTATACAAATAGATGTGGTAACAATCCGCTCAATTAATACCTCTATACCTACCTTTACCCTATCCATACCATTAGCTATTATATGGACTGTCGTCATCCTAGCGGAAACAAACCGAGCCCCGTTTGACTTCGCTGAAGGAGAATCAGAACTAGTCTCTGGGTTTAACATTGAGTACGGCGGAGCCGGATTTGCCTTCCTATTCATGGCCGAGTACAGAAACATCTTAATAATAAGACTTCTTACTGCCTGCATGCTGACAGGCACCTTACTAATATCAACCCCAATAGCAATCATCTTCCTTTGGGCACGAGCCACTCTCCCACGATATCGATACGACCTACTCATAGCAATAGCCTGAAAATCTTTTCTCCCAGTAAGATTAATTATTCTATTAGCATCTACCCCACTTATATTCATTATAGGATAATCAAACAAAATGCTGGGA
TIPP3,,CACTCATTACATACCTTCTAATCCTATTAGGCGTAGCATTCTTTACCCTCCTTGAACGCAAAGCTTTGGGGTACTTTCAAATCCGAAAAGGTCCAAATAAGGTCGGAATTATGGGGATCCCACAACCATTAGCAGACGCCCTAAAACTTTTTGTGAAAGAGTGAGTAATACCAACATCCTCAAACTACTTACCATTTATTTTAACCCCAACAATCATATTAATTTTAGCACTTAGATTATGGCAGCTATTTCCATCCTTCATATTGTCATTTCAAATAATCCTTGGAATACTACTATTTTTGTGTATTTCCTCTTTAACCGTCTACACAACCTTAATAGCAGGTTGAGCCTCAAACTCAAAATATGCTCTCCTAGGAGCTATTCGAGCTATAGCCCAAACCATTTCATACGAAGTAACGATAACACTAATTATTATCTTCTATCTGTTCTTAGCTATACAAATAGATGTGGTAACAATCCGCTCAATTAATACCTCTATACCTACCTTTACCCTATCCATACCATTAGCTATTATATGGACTGTCGTCATCCTAGCGGAAACAAACCGAGCCCCGTTTGACTTCGCTGAAGGAGAATCAGAACTAGTCTCTGGGTTTAACATTGAGTACGGCGGAGCCGGATTTGCCTTCCTATTCATGGCCGAGTACAGAAACATCTTAATAATAAGACTTCTTACTGCCTGCATGCTGACAGGCACCTTACTAATATCAACCCCAATAGCAATCATCTTCCTTTGGGCACGAGCCACTCTCCCACGATATCGATACGACCTACTCATAGCAATAGCCTGAAAATCTTTTCTCCCAGTAAGATTAATTATTCTATTAGCATCTACCCCACTTATATTCATTATAGGATAATCAAACACAATGCTGGGA
TIPP4,,CACTCATTACATACCTTCTAATCCTATTAGGCGTAGCATTCTTTACCCTCCTTGAACGCAAAGCTTTGGGGTACTTTCAAATCCGAAAAGGTCCAAATAAGGTCGGAATTATGGGGATCCCACAACCATTAGCAGACGCCCTAAAACTTTTTGTGAAAGAGTGAGTAATACCAACATCCTCAAATTACTTACCATTTATTTTAACCCCAACAATCATATTAATTTTAGCACTTAGATTATGGCAGCTATTTCCATCCTTCATATTGTCATTTCAAATAATCCTTGGAATACTACTATTTTTGTGTATTTCCTCTTTAACCGTCTACACAACCTTAATAGCAGGTTGAGCCTCAAACTCAAAATATGCTCTCCTAGGAGCTATTCGAGCTATAGCCCAAACCATTTCATACGAAGTAACGATAACACTAATTATTATCTTCTATCTGTTCTTAGCTATACAAATAGATGTGGTAACAATCCGCTCAATTAATACCTCTATACCTACCTTTACCCTATCCATACCATTAGCTATTATATGGACTGTCGTCATCCTAGCGGAAACAAACCGAGCCCCGTTTGACTTCGCTGAAGGAGAATCAGAACTAGTCTCTGGGTTTAACATTGAGTACGGCGGAGCCGGATTTGCCTTCCTATTCATGGCCGAGTACAGAAACATCTTAATAATAAGACTTCTTACTGCCTGCATGCTGACAGGCACCTTACTAATATCAACCCCAATAGCAATCATCTTCCTTTGGGCACGAGCCACTCTCCCACGATATCGATACGACCTACTCATAGCAATAGCCTGAAAATCTTTTCTCCCAGTAAGATTAATTATTCTATTAGCATCTACCCCACTTATATTCATTATAGGATAATCAAACACAATGCTGGGA
TIPP5,,CACTCATTACATACCTTCTAATCCTATTAGGCGTAGCATTCTTTACCCTCCTTGAACGCAAAGCTTTGGGGTACTTTCAAATCCGAAAAGGTCCAAATAAGGTCGGAATTATGGGGATCCCACAACCATTAGCAGACGCCCTAAAACTTTTTGTGAAAGAGTGAGTAATACCAACATCCTCAAATTACTTACCATTTATTTTAACCCCAACAATCATATTAATTTTAGCACTTAGATTATGGCAGCTATTTCCATCCTTCATATTGTCATTTCAAATAATCCTTGGAATACTACTATTTTTGTGTATTTCCTCTTTAACCGTCTACACAACCTTAATAGCAGGTTGAGCCTCAAACTCAAAATATGCTCTCCTAGGAGCTATTCGAGCTATAGCCCAAACCATTTCATACGAAGTAACGATAACACTAATTATTATCTTCTATCTGTTCTTAGCTATACAAATAGATGTGGTAACAATCCGCTCAATTAATACCTCTATACCTACCTTTACCCTATCCATACCATTAGCTATTATATGGACTGTCGTCATCCTAGCGGAAACAAACCGAGCCCCGTTTGACTTCGCTGAAGGAGAATCAGAACTAGTCTCTGGGTTTAACATTGAGTACGGCGGAGCCGGATTTGCCTTCCTATTCATGGCCGAGTACAGAAACATCTTAATAATAAGACTTCTTACTGCCTGCATGCTGACAGGCACCTTACTAATATCAACCCCAATAGCAATCATCTTCCTTTGGGCACGAGCCACTCTCCCACGATATCGATACGACCTACTCATAGCAATAGCCTGAAAATCTTTTCTCCCAGTAAGATTAATTATTCTATTAGCATCTACCCCACTTAAATTCATTATAGGATAATCAAACACAATGCTGGGA
TIPP6,,CACTCATTACATACCTTCTAATCCTATTAGGCGTAGCATTCTTTACCCTCCTTGAACGCAAAGCTTTGGGGTACTTTCAAATCCGAAAAGGTCCAAATAAGGTCGGAATTATGGGGATCCCACAACCATTAGCAGACGCCCTAAAACTTTTTGTGAAAGAGTGAGTAATACCAACATCCTCAAATTACTTACCATTTATTTTAACCCCAACAATCATATTAATTTTAGCACTTAGATTATGGCAGCTATTTCCATCCTTCATATTGTCATTTCAAATAATCCTTGGAATACTACTATTTTTGTGTATTTCCTCTTTAACCGTCTACACAACCTTAATAGCAGGTTGAGCCTCAAACTCAAAATATGCTCTCCTAGGAGCTATTCGAGCTATAGCCCAAACCATTTCATACGAAGTAACGATAACACTAATTATTATCTTCTATCTGTTCTTAGCTATACAAATAGATGTGGTAACAATCCGCTCAATTAATACCTCTATACCTACCTTTACCCTATCCATACCATTAGCTATTATATGGACTGTCGTCATCCTAGCGGAAACAAACCGAGCCCCGTTTGACTTCGCTGAAGGAGAATCAGAACTAGTCTCTGGGTTTAACATTGAGTACGGCGGAGCCGGATTTGCCTTCCTATTCATGGCCGAGTACAGAAACATCTTAATAATAAGACTTCTTACTGCCTGCATGCTGACAGGCACCTTACTAATATCAACCCCAATAGCAATCATCTTCCTTTGGGCACGAGCCACTCTCCCACGATATCGATACGACCTACTCATAGCAATAGCCTGAAAATCTTTTCTCCCAGTAAGATTAATTATTCTATTAGCATCTACCCCACTTATATTCATTATAGGATAATCAAACACAATGCTGGGA
TIPP7,,CACTCATTACATACCTTCTAATCCTATTAGGCGTAGCATTCTTTACCCTCCTTGAACGCAAAGCTTTGGGGTACTTTCAAATCCGAAAAGGTCCAAATAAGGTCGGAATTATGGGGATCCCACAACCATTAGCAGACGCCCTAAAACTTTTTGTGAAAGAGTGAGTAATACCAACATCCTCAAATTACTTACCATTTATTTTAACCCCAACAATCATATTAATTTTAGCACTTAGATTATGGCAGCTATTTCCATCCTTCATATTGTCATTTCAAATAATCCTTGGAATACTACTATTTTTGTGTATTTCCTCTTTAACCGTCTACACAACCTTAATAGCAGGTTGAGCCTCAAACTCAAAATATGCTCTCCTAGGAGCTATTCGAGCTATAGCCCAAACCATTTCATACGAAGTAACGATAACACTAATTATTATCTTCTATCTGTTCTTAGCTATACAAATAGATGTGGTAACAATCCGCTCAATTAATACCTCTATACCTACCTTTACCCTATCCATACCATTAGCTATTATATGGACTGTCGTCATCCTAGCGGAAACAAACCGAGCCCCGTTTGACTTCGCTGAAGGAGAATCAGAACTAGTCTCTGGGTTTAACATTGAGTACGGCGGAGCCGGATTTGCCTTCCTATTCATGGCCGAGTACAGAAACATCTTAATAATAAGACTTCTTACTGCCTGCATGCTGACAGGCACCTTACTAATATCAACCCCAATAGCAATCATCTTCCTTTGGGCACGAGCCACTCTCCCACGATATCGATACGACCTACTCATAGCAATAGCCTGAAAATCTTTTCTCCCAGTAAGATTAATTATTCTATTAGCATCTACCCCACTTATATTCATTATAGGATAATCAAACACAATGCTGGGA
TIPP8,,CACTCATTACATACCTTCTAATCCTATTAGGCGTAGCATTCTTTACCCTCCTTGAACGCAAAGCTTTGGGGTACTTTCAAATCCGAAAAGGTCCAAATAAGGTCGGAATTATGGGGATCCCACAACCATTAGCAGACGCCCTAAAACTTTTTGTGAAAGAGTGAGTAATACCAACATCCTCAAACTACTTACCATTTATTTTAACCCCAACAATCATATTAATTTTAGCACTTAGATTATGGCAGCTATTTCCATCCTTCATATTGTCATTTCAAATAATCCTTGGAATACTACTATTTTTGTGTATTTCCTCTTTAACCGTCTACACAACCTTAATAGCAGGTTGAGCCTCAAACTCAAAATATGCTCTCCTAGGAGCTATTCGAGCTATAGCCCAAACCATTTCATACGAAGTAACGATAACACTAATTATTATCTTCTATCTGTTCTTAGCTATACAAATAGATGTGGTAACAATCCGCTCAATTAATACCTCTATACCTACCTTTACCCTATCCATACCATTAGCTATTATATGGACTGTCGTCATCCTAGCGGAAACAAACCGAGCCCCGTTTGACTTCGCTGAAGGAGAATCAGAACTAGTCTCTGGGTTTAACATTGAGTACGGCGGAGCCGGATTTGCCTTCCTATTCATGGCCGAGTACAGAAACATCTTAATAATAAGACTTCTTACTGCCTGCATGCTGACAGGCACCTTACTAATATCAACCCCAATAGCAATCATCTTCCTTTGGGCACGAGCCACTCTCCCACGATATCGATACGACCTACTCATAGCAATAGCCTGAAAATCTTTTCTCCCAGTAAGATTAATTATTCTATTAGCATCTACCCCACTTATATTCATTATAGGATAATCAAACACAATGCTGGGA
TIPP9,,CACTCATTACATACCTTCTAATCCTATTAGGCGTAGCATTCTTTACCCTCCTTGAACGCAAAGCTTTGGGGTACTTTCAAATCCGAAAAGGTCCAAATAAGGTCGGAATTATGGGGATCCCACAACCATTAGCAGACGCCCTAAAACTTTTTGTGAAAGAGTGAGTAATACCAACATCCTCAAATTACTTACCATTTATTTTAACCCCAACAATCATATTAATTTTAGCACTTAGATTATGGCAGCTATTTCCATCCTTCATATTGTCATTTCAAATAATCCTTGGAATACTACTATTTTTGTGTATTTCCTCTTTAACCGTCTACACAACCTTAATAGCAGGTTGAGCCTCAAACTCAAAATATGCTCTCCTAGGAGCTATTCGAGCTATAGCCCAAACCATTTCATACGAAGTAACGATAACACTAATTATTATCTTCTATCTGTTCTTAGCTATACAAATAGATGTGGTAACAATCCGCTCAATTAATACCTCTATACCTACCTTTACCCTATCCATACCATTAGCTATTATATGGACTGTCGTCATCCTAGCGGAAACAAACCGAGCCCCGTTTGACTTCGCTGAAGGAGAATCAGAACTAGTCTCTGGGTTTAACATTGAGTACGGCGGAGCCGGATTTGCCTTCCTATTCATGGCCGAGTACAGAAACATCTTAATAATAAGACTTCTTACTGCCTGCATGCTGACAGGCACCTTACTAATATCAACCCCAATAGCAATCATCTTCCTTTGGGCACGAGCCACTCTCCCACGATATCGATACGACCTACTCATAGCAATAGCCTGAAAATCTTTTCTCCCAGTAAGATTAATTATTCTATTAGCATCTACCCCACTTAAATTCATTATAGGATAATCAAACACAATGCTGGGA
TIPP10,,CACTCATTACATACCTTCTAATCCTATTAGGCGTAGCATTCTTTACCCTCCTTGAACGCAAAGCTTTGGGGTACTTTCAAATCCGAAAAGGTCCAAATAAGGTCGGAATTATGGGGATCCCACAACCATTAGCAGACGCCCTAAAACTTTTTGTGAAAGAGTGAGTAATACCAACATCCTCAAATTACTTACCATTTATTTTAACCCCAACAATCATATTAATTTTAGCACTTAGATTATGGCAGCTATTTCCATCCTTCATATTGTCATTTCAAATAATCCTTGGAATACTACTATTTTTGTGTATTTCCTCTTTAACCGTCTACACAACCTTAATAGCAGGTTGAGCCTCAAACTCAAAATATGCTCTCCTAGGAGCTATTCGAGCTATAGCCCAAACCATTTCATACGAAGTAACGATAACACTAATTATTATCTTCTATCTGTTCTTAGCTATACAAATAGATGTGGTAACAATCCGCTCAATTAATACCTCTATACCTACCTTTACCCTATCCATACCATTAGCTATTATATGGACTGTCGTCATCCTAGCGGAAACAAACCGAGCCCCGTTTGACTTCGCTGAAGGAGAATCAGAACTAGTCTCTGGGTTTAACATTGAGTACGGCGGAGCCGGATTTGCCTTCCTATTCATGGCCGAGTACAGAAACATCTTAATAATAAGACTTCTTACTGCCTGCATGCTGACAGGCACCTTACTAATATCAACCCCAATAGCAATCATCTTCCTTTGGGCACGAGCCACTCTCCCACGATATCGATACGACCTACTCATAGCAATAGCCTGAAAATCTTTTCTCCCAGTAAGATTAATTATTCTATTAGCATCTACCCCACTTATATTCATTATAGGATAATCAAACACAATGCTGGGA
TIPP11,,CACTCATTACATACCTTCTAATCCTATTAGGCGTAGCATTCTTTACCCTCCTTGAACGCAAAGCTTTGGGGTACTTTCAAATCCGAAAAGGTCCAAATAAGGTCGGAATTGTGGGGATCCCACAACCATTAGCAGACGCCCTAAAACTTTTTGTGAAAGAGTGAGTAATACCAACATCCTCAAATTACTTACCATTTATTTTAACCCCAACAATCATATTAATTTTAGCACTTAGATTATGGCAGCTATTTCCATCCTTCATATTGTCATTTCAAATAATCCTTGGAATACTACTATTTTTGTGTATTTCCTCTGTAACCGTCTACACAACGTTAATAGCAGGTTGAGCCTCAAACTCAAAATATGCTCTCCTAGGAGCTATTCGAGCTATAGCCCAAACCATTTCATACGAAGTAACGATAACACTAATTATTATCTTCTATCTGTTCTTAGCTATACAAATAGATGTGGTGACAATCCGCTCAAATAATACCTCTATACCTACCTTTACCCTATCCATACCATTAGCTATTATATGGACGGTCGTCATCCTAGCGGAAACAAACCGAGCCCCGTTTGACTTCGCTGAAGGAGAATCAGAACTAGTCTCTGGGTTTAACATTGAGTACGGCGGAGCCGGATTTGCCTTCCTATTCATGGCGGAGTACAGAAACATCTTAATAATAAGACTTCTTACTGCCTGCATGCTGACAGGCACCTTAATAATATCAACCCCAATAGCAATCATCTTCCTTTGGGCGCGAGCCACTCTCCCACGATATCGATACGACCTACTCATAGCAATAGCCTGAAAATCTTTTCTCCCAGTAAGATTAATTATTCTATTAGCATCTACCCCACTTATATTCATTATAGGATAATCAAACACAATGCTGGGA
TIPP12,,CACTCATTACATACCTTCTAATCCTATTAGGCGTAGCATTCTTTACCCTCCTTGAACGCAAAGCTTTGGGGTACTTTCAAATCCGAAAAGGTCCAAATAAGGTCGGAATTGTGGGGATCCCACAACCATTAGCAGACGCCCTAAAACTTTTTGTGAAAGAGTGAGTAATACCAACATCCTCAAATTACTTACCATTTATTTTAACCCCAACAATCATATTAATTTTAGCACTTAGATTATGGCAGCTATTTCCATCCTTCATATTGTCATTTCAAATAATCCTTGGAATACTACTATTTTTGTGTATTTCCTCTGTAACCGTCTACACAACGTTAATAGCAGGTTGAGCCTCAAACTCAAAATATGCTCTCCTAGGAGCTATTCGAGCTATAGCCCAAACCATTTCATACGAAGTAACGATAACACTAATTATTATCTTCTATCTGTTCTTAGCTATACAAATAGATGTGGTGACAATCCGCTCAAATAATACCTCTATACCTACCTTTACCCTATCCATACCATTAGCTATTATATGGACGGTCGTCATCCTAGCGGAAACAAACCGAGCCCCGTTTGACTTCGCTGAAGGAGAATCAGAACTAGTCTCTGGGTTTAACATTGAGTACGGCGGAGCCGGATTTGCCTTCCTATTCATGGCGGAGTACAGAAACATCTTAATAATAAGACTTCTTACTGCCTGCATGCTGACAGGCACCTTAATAATATCAACCCCAATAGCAATCATCTTCCTTTGGGCGCGAGCCACTCTCCCACGATATCGATACGACCTACTCATAGCAATAGCCTGAAAATCTTTTCTCCCAGTAAGATTAATTATTCTATTAGCATCTACCCCACTTATATTCATTATAGGATAATCAAACACAATGCTGGGA
TIPP13,,CACTCATTACATACCTTCTAATCCTATTAGGCGTAGCATTCTTTACCCTCCTTGAACGCAAAGCTTTGGGGTACTTTCAAATCCGAAAAGGTCCAAATAAGGTCGGAATTATGGGGATCCCACAACCATTAGCAGACGCCCTAAAACTTTTTGTGAAAGAGTGAGTAATACCAACATCCTCAAATTACTTACCATTTATTTTAACCCCAACAATCATATTAATTTTAGCACTTAGATTATGGCAGCTATTTCCATCCTTCATATTGTCATTTCAAATAATCCTTGGAATACTACTATTTTTGTGTATTTCCTCTTTAACCGTCTACACAACCTTAATAGCAGGTTGAGCCTCAAACTCAAAATATGCTCTCCTAGGAGCTATTCGAGCTATAGCCCAAACCATTTCATACGAAGTAACGATAACACTAATTATTATCTTCTATCTGTTCTTAGCTATACAAATAGATGTGGTAACAATCCGCTCAATTAATACCTCTATACCTACCTTTACCCTATCCATACCATTAGCTATTATATGGACTGTCGTCATCCTAGCGGAAACAAACCGAGCCCCGTTTGACTTCGCTGAAGGAGAATCAGAACTAGTCTCTGGGTTTAACATTGAGTACGGCGGAGCCGGATTTGCCTTCCTATTCATGGCCGAGTACAGAAACATCTTAATAATAAGACTTCTTACTGCCTGCATGCTGACAGGCACCTTACTAATATCAACCCCAATAGCAATCATCTTCCTTTGGGCACGAGCCACTCTCCCACGATATCGATACGACCTACTCATAGCAATAGCCTGAAAATCTTTTCTCCCAGTAAGATTAATTATTCTATTAGCATCTACCCCACTTATATTCATTATAGGATAATCAAACACAATGCTGGGA
TIPP14,,CACTCATTACATACCTTCTAATCCTATTAGGCGTAGCATTCTTTACCCTCCTTGAACGCAAAGCTTTGGGGTACTTTCAAATCCGAAAAGGTCCAAATAAGGTCGGAATTATGGGGATCCCACAACCATTAGCAGACGCCCTAAAACTTTTTGTGAAAGAGTGAGTAATACCAACATCCTCAAACTACTTACCATTTATTTTAACCCCAACAATCATATTAATTTTAGCACTTAGATTATGGCAGCTATTTCCATCCTTCATATTGTCATTTCAAATAATCCTTGGAATACTACTATTTTTGTGTATTTCCTCTTTAACCGTCTACACAACCTTAATAGCAGGTTGAGCCTCAAACTCAAAATATGCTCTCCTAGGAGCTATTCGAGCTATAGCCCAAACCATTTCATACGAAGTAACGATAACACTAATTATTATCTTCTATCTGTTCTTAGCTATACAAATAGATGTGGTAACAATCCGCTCAATTAATACCTCTATACCTACCTTTACCCTATCCATACCATTAGCTATTATATGGACTGTCGTCATCCTAGCGGAAACAAACCGAGCCCCGTTTGACTTCGCTGAAGGAGAATCAGAACTAGTCTCTGGGTTTAACATTGAGTACGGCGGAGCCGGATTTGCCTTCCTATTCATGGCCGAGTACAGAAACATCTTAATAATAAGACTTCTTACTGCCTGCATGCTGACAGGCACCTTACTAATATCAACCCCAATAGCAATCATCTTCCTTTGGGCACGAGCCACTCTCCCACGATATCGATACGACCTACTCATAGCAATAGCCTGAAAATCTTTTCTCCCAGTAAGATTAATTATTCTATTAGCATCTACCCCACTTATATTCATTATAGGATAATCAAACACAATGCTGGGA
TIPP15,,CACTCATTACATACCTTCTAATCCTATTAGGCGTAGCATTCTTTACCCTCCTTGAACGCAAAGCTTTGGGGTACTTTCAAATCCGAAAAGGTCCAAATAAGGTCGGAATTATGGGGATCCCACAACCATTAGCAGACGCCCTAAAACTTTTTGTGAAAGAGTGAGTAATACCAACATCCTCAAATTACTTACCATTTATTTTAACCCCAACAATCATATTAATTTTAGCACTTAGATTATGGCAGCTATTTCCATCCTTCATATTGTCATTTCAAATAATCCTTGGAATACTACTATTTTTGTGTATTTCCTCTTTAACCGTCTACACAACCTTAATAGCAGGTTGAGCCTCAAACTCAAAATATGCTCTCCTAGGAGCTATTCGAGCTATAGCCCAAACCATTTCATACGAAGTAACGATAACACTAATTATTATCTTCTATCTGTTCTTAGCTATACAAATAGATGTGGTAACAATCCGCTCAATTAATACCTCTATACCTACCTTTACCCTATCCATACCATTAGCTATTATATGGACTGTCGTCATCCTAGCGGAAACAAACCGAGCCCCGTTTGACTTCGCTGAAGGAGAATCAGAACTAGTCTCTGGGTTTAACATTGAGTACGGCGGAGCCGGATTTGCCTTCCTATTCATGGCCGAGTACAGAAACATCTTAATAATAAGACTTCTTACTGCCTGCATGCTGACAGGCACCTTACTAATATCAACCCCAATAGCAATCATCTTCCTTTGGGCACGAGCCACTCTCCCACGATATCGATACGACCTACTCATAGCAATAGCCTGAAAATCTTTTCTCCCAGTAAGATTAATTATTCTATTAGCATCTACCCCACTTATATTCATTATAGGATAATCAAACACAATGCTGGGA
TIPP16,,CACTCATTACATACCTTCTAATCCTATTAGGCGTAGCATTCTTTACCCTCCTTGAACGCAAAGCTTTGGGGTACTTTCAAATCCGAAAAGGTCCAAATAAGGTCGGAATTATGGGGATCCCACAACCATTAGCAGACGCCCTAAAACTTTTTGTGAAAGAGTGAGTAATACCAACATCCTCAAATTACTTACCATTTATTTTAACCCCAACAATCATATTAATTTTAGCACTTAGATTATGGCAGCTATTTCCATCCTTCATATTGTCATTTCAAATAATCCTTGGAATACTACTATTTTTGTGTATTTCCTCTTTAACCGTCTACACAACCTTAATAGCAGGTTGAGCCTCAAACTCAAAATATGCTCTCCTAGGAGCTATTCGAGCTATAGCCCAAACCATTTCATACGAAGTAACGATAACACTAATTATTATCTTCTATCTGTTCTTAGCTATACAAATAGATGTGGTAACAATCCGCTCAATTAATACCTCTATACCTACCTTTACCCTATCCATACCATTAGCTATTATATGGACTGTCGTCATCCTAGCGGAAACAAACCGAGCCCCGTTTGACTTCGCTGAAGGAGAATCAGAACTAGTCTCTGGGTTTAACATTGAGTACGGCGGAGCCGGATTTGCCTTCCTATTCATGGCCGAGTACAGAAACATCTTAATAATAAGACTCCTTACTGCCTGCATGCTGACAGGCACCTTACTAATATCAACCCCAATAGCAATCATCTTCCTTTGGGCACGAGCCACTCTCCCACGATATCGATACGCCCTACTCATAGCAATAGCCTGAAAATCTTTTCTCCCAGTAAGATTAATTATTCTATTAGCATCTACCCCACTTATATTCATTATAGGATAATCAAACACAATGCTGGGA
TIPP17,,CACTCATTACATACCTTCTAATCCTATTAGGCGTAGCATTCTTTACCCTCCTTGAACGCAAAGCTTTGGGGTACTTTCAAATCCGAAAAGGTCCAAATAAGGTCGGAATTATGGGGATCCCACAACCATTAGCAGACGCCCTAAAACTTTTTGTGAAAGAGTGAGTAATACCAACATCCTCAAACTACTTACCATTTATTTTAACCCCAACAATCATATTAATTTTAGCACTTAGATTATGGCAGCTATTTCCATCCTTCATATTGTCATTTCAAATAATCCTTGGAATACTACTATTTTTGTGTATTTCCTCTTTAACCGTCTACACAACCTTAATAGCAGGTTGAGCCTCAAACTCAAAATATGCTCTCCTAGGAGCTATTCGAGCTATAGCCCAAACCATTTCATACGAAGTAACGATAACACTAATTATTATCTTCTATCTGTTCTTAGCTATACAAATAGATGTGGTAACAATCCGCTCAATTAATACCTCTATACCTACCTTTACCCTATCCATACCATTAGCTATTATATGGACTGTCGTCATCCTAGCGGAAACAAACCGAGCCCCGTTTGACTTCGCTGAAGGAGAATCAGAACTAGTCTCTGGGTTTAACATTGAGTACGGCGGAGCCGGATTTGCCTTCCTATTCATGGCCGAGTACAGAAACATCTTAATAATAAGACTTCTTACTGCCTGCATGCTGACAGGCACCTTACTAATATCAACCCCAATAGCAATCATCTTCCTTTGGGCACGAGCCACTCTCCCACGATATCGATACGACCTACTCATAGCAATAGCCTGAAAATCTTTTCTCCCAGTAAGATTAATTATTCTATTAGCATCTACCCCACTTATATTCATTATAGGATAATCAAACACAATGCTGGGA
TIPP18,,CACTCATTACATACCTTCTAATCCTATTAGGCGTAGCATTCTTTACCCTCCTTGAACGCAAAGCTTTGGGGTACTTTCAAATCCGAAAAGGTCCAAATAAGGTCGGAATTATGGGGATCCCACAACCATTAGCAGACGCCCTAAAACTTTTTGTGAAAGAGTGAGTAATACCAACATCCTCAAATTACTTACCATTTATTTTAACCCCAACAATCATATTAATTTTAGCACTTAGATTATGGCAGCTATTTCCATCCTTCATATTGTCATTTCAAATAATCCTTGGAATACTACTATTTTTGTGTATTTCCTCTTTAACCGTCTACACAACCTTAATAGCAGGTTGAGCCTCAAACTCAAAATATGCTCTCCTAGGAGCTATTCGAGCTATAGCCCAAACCATTTCATACGAAGTAACGATAACACTAATTATTATCTTCTATCTGTTCTTAGCTATACAAATAGATGTGGTAACAATCCGCTCAATTAATACCTCTATACCTACCTTTACCCTATCCATACCATTAGCTATTATATGGACTGTCGTCATCCTAGCGGAAACAAACCGAGCCCCGTTTGACTTCGCTGAAGGAGAATCAGAACTAGTCTCTGGGTTTAACATTGAGTACGGCGGAGCCGGATTTGCCTTCCTATTCATGGCCGAGTACAGAAACATCTTAATAATAAGACTTCTTACTGCCTGCATGCTGACAGGCACCTTACTAATATCAACCCCAATAGCAATCATCTTCCTTTGGGCACGAGCCACTCTCCCACGATATCGATACGACCTACTCATAGCAATAGCCTGAAAATCTTTTCTCCCAGTAAGATTAATTATTCTATTAGCATCTACCCCACTTATATTCATTATAGGATAATCAAACACAATGCTGGGA
TIPP19,,CACTCATTACATACCTTCTAATCCTATTAGGCGTAGCATTCTTTACCCTCCTTGAACGCAAAGCTTTGGGGTACTTTCAAATCCGAAAAGGTCCAAATAAGGTCGGAATTATGGGGATCCCACAACCATTAGCAGACGCCCTAAAACTTTTTGTGAAAGAGTGAGTAATACCAACATCCTCAAATTACTTACCATTTATTTTAACCCCAACAATCATATTAATTTTAGCACTTAGATTATGGCAGCTATTTCCATCCTTCATATTGTCATTTCAAATAATCCTTGGAATACTACTATTTTTGTGTATTTCCTCTTTAACCGTCTACACAACCTTAATAGCAGGTTGAGCCTCAAACTCAAAATATGCTCTCCTAGGAGCTATTCGAGCTATAGCCCAAACCATTTCATACGAAGTAACGATAACACTAATTATTATCTTCTACCTGTTCTTAGCTATACAAATAGATGTGGTAACAATCCGCTCAATTAATACCTCTATACCTACCTTTACCCTATCCATACCATTAGCTATTATATGGACTGTCGTCATCCTAGCGGAAACAAACCGAGCCCCGTTTGACTTCGCTGAAGGAGAATCAGAACTAGTCTCTGGGTTTAACATTGAGTACGGCGGAGCCGGATTTGCCTTCCTATTCATGGCCGAGTACAGAAACATCTTAATAATAAGACTTCTTACTGCCTGCATGCTGACAGGCACCTTACTAATATCAACCCCAATAGCAATCATCTTCCTTTGGGCACGAGCCACTCTCCCACGATATCGATACGACCTACTCATAGCAATAGCCTGAAAATCTTTTCTCCCAGTAAGATTAATTATTCTATTAGCATCTACCCCACTTATATTCATTATAGGATAATCAAACACAATGCTGGGA
MISS1,,CACTCATTACATACCTTCTAATCCTATTAGGCGTAGCATTCTTTACCCTCCTTGAACGCAAAGCTTTGGGGTACTTTCAAATCCGAAAAGGTCCAAATAAGGTCGGAATTATAGGGATCCCACAACCATTAGCAGACGCCCTAAAACTTTTTGTGAAAGAGTGAGTAATACCAACATCCTCAAATTACTTACCATTTATTTTAACCCCAACAATCATATTAATTTTAGCACTTAGATTATGGCAGCTATTTCCATCCTTCATACTGTCATTTCAAATAATCCTTGGAATACTACTATTTTTGTGTATTTCCTCTTTAACCGTCTACACAACCTTAATAGCAGGTTGAGCCTCAAACTCAAAATATGCTCTCCTAGGAGCTATTCGAGCTATAGCCCAAACCATTTCATACGAAGTAACGATAACACTAATTATTATCTTCTATCTGTTCTTAGCTATACAAATAGATGTGGTAACAATCCGCTCAATTAATACCTCTATGCCTACCTTTACCCTATCCATACCATTAGCTATTATATGGACTGTCGTCATCCTAGCGGAAACAAACCGAGCCCCGTTTGACTTCGCTGAAGGAGAATCAGAACTAGTCTCTGGGTTTAACATTGAGTACGGCGGAGCCGGATTTGCCTTCCTATTCATGGCCGAGTACAGAAACATCTTAATAATAAGACTTCTTACTGCCTGCATGCTGACAGGCACCTTACTAATATCAACCCCAATAGCAATCATCTTCCTTTGGGCACGAGCCACTCTCCCACGATATCGATACGACCTACTCATAGCAATAGCCTGAAAATCTTTTCTCCCAGTAAGATTAATTATTCTATTAGCATCTCCCCCACTTATATTCATTATAGGATAATCAAACACAATGCTGGGA
MISS2,,CACTCATTACATACCTTCTAATCCTATTAGGCGTAGCATTCTTTACCCTCCTTGAACGCAAAGCTTTGGGGTACTTTCAAATCCGAAAAGGTCCAAATAAGGTCGGAATTATGGGGATCCCACAACCATTAGCAGACGCCCTAAAACTTTTTGTGAAAGAGTGAGTAATACCAACATCCTCAAATTACTTACCATTTATTTTAACCCCAACAATCATATTAATTTTAGCACTTAGATTATGGCAGCTATTTCCATCCTTCATATTGTCATTTCAAATAATCCTTGGAATACTACTATTTTTGTGTATTTCCTCTTTAACCGTCTACACAACCTTAATAGCAGGTTGAGCCTCAAACTCAAAATATGCTCTCCTAGGAGCTATTCGAGCTATAGCCCAAACCATTTCATACGAAGTAACGATAACACTAATTATTATCTTCTATCTGTTCTTAGCTATACAAATAGATGTGGTAACAATCCGCTCAATTAATACCTCTATACCTACCTTTACCCTATCCATACCATTAGCTATTATATGGACTGTCGTCATCCTAGCGGAAACAAACCGAGCCCCGTTTGACTTCGCTGAAGGAGAATCAGAACTAGTCTCTGGGTTTAACATTGAGTACGGCGGAGCCGGATTTGCCTTCCTATTCATGGCCGAGTACAGAAACATCTTAATAATAAGACTTCTTACTGCCTGCATGCTGACAGGCACCTTACTAATATCAACCCCAATAGCAATCATCTTCCTTTGGGCACGAGCCACTCTCCCACGATATCGATACGACCTACTCATAGCAATAGCCTGAAAATCTTTTCTCCCAGTAAGATTAATTATTCTATTAGCATCTCCCCCACTTATATTCATTATAGGATAATCAAACACAATGCTGGGA
